2026/01/13 23:03:13 Connected to database (type: pgx)
2026/01/13 23:03:13 Email sender configured (SMTP: smtp.gmail.com:587)
2026/01/13 23:03:13 CSV columns found - user_id: 0, email: 1, username: 2
2026/01/13 23:03:13 Found 11577 users to migrate (excluding header)
2026/01/13 23:03:14 Line 2: Created user 'daniel.kottke@uni-kassel.de' (ID: 20007)
2026/01/13 23:03:14 Line 2: Linked existing uploads for external ID '1189'
2026/01/13 23:03:19 Line 2: Sent password setup email to 'daniel.kottke@uni-kassel.de'
2026/01/13 23:03:19 Line 3: Created user 'mineaherwitz@gmail.com' (ID: 20009)
2026/01/13 23:03:19 Line 3: Linked existing uploads for external ID '656'
2026/01/13 23:03:22 Line 3: Sent password setup email to 'mineaherwitz@gmail.com'
2026/01/13 23:03:22 Line 4: Created user 'stephanie@arobydesign.org' (ID: 20010)
2026/01/13 23:03:22 Line 4: Linked existing uploads for external ID '534'
2026/01/13 23:03:26 Line 4: Sent password setup email to 'stephanie@arobydesign.org'
2026/01/13 23:03:26 Line 5: Created user 'info@digitabox.com' (ID: 20011)
2026/01/13 23:03:26 Line 5: Linked existing uploads for external ID '1117'
2026/01/13 23:03:33 Line 5: Sent password setup email to 'info@digitabox.com'
2026/01/13 23:03:34 Line 6: Created user '12hid01@mail.ru' (ID: 20014)
2026/01/13 23:03:34 Line 6: Linked existing uploads for external ID '2034'
2026/01/13 23:03:38 Line 6: Sent password setup email to '12hid01@mail.ru'
2026/01/13 23:03:39 Line 7: Created user 'ranga@yogeshwar.de' (ID: 20016)
2026/01/13 23:03:39 Line 7: Linked existing uploads for external ID '572'
2026/01/13 23:03:50 Line 7: Sent password setup email to 'ranga@yogeshwar.de'
2026/01/13 23:03:50 Line 8: Created user 'davemarks@att.net' (ID: 20019)
2026/01/13 23:03:50 Line 8: Linked existing uploads for external ID '457'
2026/01/13 23:03:58 Line 8: Sent password setup email to 'davemarks@att.net'
2026/01/13 23:03:59 Line 9: Created user 'hirakawa@truss.company' (ID: 20022)
2026/01/13 23:03:59 Line 9: Linked existing uploads for external ID '1154'
2026/01/13 23:04:02 Line 9: Sent password setup email to 'hirakawa@truss.company'
2026/01/13 23:04:02 Line 10: Created user 'koller.k@hotmail.com' (ID: 20024)
2026/01/13 23:04:02 Line 10: Linked existing uploads for external ID '2999'
2026/01/13 23:04:09 Line 10: Sent password setup email to 'koller.k@hotmail.com'
2026/01/13 23:04:09 Line 11: Created user 'bobkneller@gmail.com' (ID: 20026)
2026/01/13 23:04:09 Line 11: Linked existing uploads for external ID '937'
2026/01/13 23:04:13 Line 11: Sent password setup email to 'bobkneller@gmail.com'
2026/01/13 23:04:13 Line 12: Created user 'domir97@vt.edu' (ID: 20027)
2026/01/13 23:04:13 Line 12: Linked existing uploads for external ID '1063'
2026/01/13 23:04:16 Line 12: Sent password setup email to 'domir97@vt.edu'
2026/01/13 23:04:16 Line 13: Created user 'jvondproductions@gmail.com' (ID: 20029)
2026/01/13 23:04:16 Line 13: Linked existing uploads for external ID '458'
2026/01/13 23:04:20 Line 13: Sent password setup email to 'jvondproductions@gmail.com'
2026/01/13 23:04:20 Line 14: Created user 'marbert@rogers.com' (ID: 20031)
2026/01/13 23:04:20 Line 14: Linked existing uploads for external ID '1082'
2026/01/13 23:04:23 Line 14: Sent password setup email to 'marbert@rogers.com'
2026/01/13 23:04:24 Line 15: Created user 'sptm991@gmail.com' (ID: 20033)
2026/01/13 23:04:24 Line 15: Linked existing uploads for external ID '1120'
2026/01/13 23:04:27 Line 15: Sent password setup email to 'sptm991@gmail.com'
2026/01/13 23:04:27 Line 16: Created user 'stig.inge.bjorge@gmail.com' (ID: 20035)
2026/01/13 23:04:27 Line 16: Linked existing uploads for external ID '88'
2026/01/13 23:04:30 Line 16: Sent password setup email to 'stig.inge.bjorge@gmail.com'
2026/01/13 23:04:30 Line 17: Created user 'rufukoposace1977@yandex.com' (ID: 20037)
2026/01/13 23:04:30 Line 17: Linked existing uploads for external ID '916'
2026/01/13 23:04:33 Line 17: Sent password setup email to 'rufukoposace1977@yandex.com'
2026/01/13 23:04:34 Line 18: Created user 'xvfeng123@gmail.com' (ID: 20039)
2026/01/13 23:04:34 Line 18: Linked existing uploads for external ID '322'
2026/01/13 23:04:37 Line 18: Sent password setup email to 'xvfeng123@gmail.com'
2026/01/13 23:04:37 Line 19: Created user 'info@quartarad.com' (ID: 20040)
2026/01/13 23:04:37 Line 19: Linked existing uploads for external ID '344'
2026/01/13 23:04:40 Line 19: Sent password setup email to 'info@quartarad.com'
2026/01/13 23:04:41 Line 20: Created user 'maxim.lyalin@gmail.com' (ID: 20042)
2026/01/13 23:04:41 Line 20: Linked existing uploads for external ID '329'
2026/01/13 23:04:44 Line 20: Sent password setup email to 'maxim.lyalin@gmail.com'
2026/01/13 23:04:44 Line 21: Created user 'd.ani.l.a.0fo.x.9@gmail.com' (ID: 20044)
2026/01/13 23:04:44 Line 21: Linked existing uploads for external ID '1477'
2026/01/13 23:04:47 Line 21: Sent password setup email to 'd.ani.l.a.0fo.x.9@gmail.com'
2026/01/13 23:04:47 Line 22: Created user '12dkvonqb@yahorg.ga' (ID: 20046)
2026/01/13 23:04:47 Line 22: Linked existing uploads for external ID '848'
2026/01/13 23:04:50 Line 22: Sent password setup email to '12dkvonqb@yahorg.ga'
2026/01/13 23:04:50 Line 23: Created user 'jonhendricksjr@gmail.com' (ID: 20048)
2026/01/13 23:04:50 Line 23: Linked existing uploads for external ID '326'
2026/01/13 23:04:53 Line 23: Sent password setup email to 'jonhendricksjr@gmail.com'
2026/01/13 23:04:54 Line 24: Created user 'gakuranman@gmail.com' (ID: 20050)
2026/01/13 23:04:54 Line 24: Linked existing uploads for external ID '333'
2026/01/13 23:04:57 Line 24: Sent password setup email to 'gakuranman@gmail.com'
2026/01/13 23:04:57 Line 25: Created user 'radusoltan@gmail.com' (ID: 20051)
2026/01/13 23:04:57 Line 25: Linked existing uploads for external ID '338'
2026/01/13 23:05:00 Line 25: Sent password setup email to 'radusoltan@gmail.com'
2026/01/13 23:05:00 Line 26: Created user 'slearp@gmail.com' (ID: 20053)
2026/01/13 23:05:00 Line 26: Linked existing uploads for external ID '340'
2026/01/13 23:05:03 Line 26: Sent password setup email to 'slearp@gmail.com'
2026/01/13 23:05:04 Line 27: Created user 'cforsman@gmail.com' (ID: 20055)
2026/01/13 23:05:04 Line 27: Linked existing uploads for external ID '341'
2026/01/13 23:05:07 Line 27: Sent password setup email to 'cforsman@gmail.com'
2026/01/13 23:05:07 Line 28: Created user 'villavaso@gmail.com' (ID: 20057)
2026/01/13 23:05:07 Line 28: Linked existing uploads for external ID '323'
2026/01/13 23:05:17 Line 28: Sent password setup email to 'villavaso@gmail.com'
2026/01/13 23:05:17 Line 29: Created user 'richardintokyo@gmail.com' (ID: 20061)
2026/01/13 23:05:17 Line 29: Linked existing uploads for external ID '337'
2026/01/13 23:05:20 Line 29: Sent password setup email to 'richardintokyo@gmail.com'
2026/01/13 23:05:20 Line 30: Created user 'operations@legendtechn.com' (ID: 20063)
2026/01/13 23:05:20 Line 30: Linked existing uploads for external ID '493'
2026/01/13 23:05:24 Line 30: Sent password setup email to 'operations@legendtechn.com'
2026/01/13 23:05:24 Line 31: Created user 'embryo@earthlink.net' (ID: 20065)
2026/01/13 23:05:24 Line 31: Linked existing uploads for external ID '1071'
2026/01/13 23:05:27 Line 31: Sent password setup email to 'embryo@earthlink.net'
2026/01/13 23:05:28 Line 32: Created user 'jean-marie.terrac@wanadoo.fr' (ID: 20067)
2026/01/13 23:05:28 Line 32: Linked existing uploads for external ID '753'
2026/01/13 23:05:31 Line 32: Sent password setup email to 'jean-marie.terrac@wanadoo.fr'
2026/01/13 23:05:31 Line 33: Created user 'kokoabe81@yahoo.co.jp' (ID: 20069)
2026/01/13 23:05:31 Line 33: Linked existing uploads for external ID '936'
2026/01/13 23:05:34 Line 33: Sent password setup email to 'kokoabe81@yahoo.co.jp'
2026/01/13 23:05:34 Line 34: Created user 'peter@petersterios.com' (ID: 20070)
2026/01/13 23:05:34 Line 34: Linked existing uploads for external ID '459'
2026/01/13 23:05:38 Line 34: Sent password setup email to 'peter@petersterios.com'
2026/01/13 23:05:38 Line 35: Created user 'steve@lasvegasdualsport.com' (ID: 20072)
2026/01/13 23:05:38 Line 35: Linked existing uploads for external ID '424'
2026/01/13 23:05:42 Line 35: Sent password setup email to 'steve@lasvegasdualsport.com'
2026/01/13 23:05:42 Line 36: Created user 'schee@fertta.com' (ID: 20074)
2026/01/13 23:05:42 Line 36: Linked existing uploads for external ID '71'
2026/01/13 23:05:45 Line 36: Sent password setup email to 'schee@fertta.com'
2026/01/13 23:05:45 Line 37: Created user 'tamarinfilen@gmail.com' (ID: 20076)
2026/01/13 23:05:45 Line 37: Linked existing uploads for external ID '348'
2026/01/13 23:05:48 Line 37: Sent password setup email to 'tamarinfilen@gmail.com'
2026/01/13 23:05:48 Line 38: Created user 'mschorer@me.com' (ID: 20078)
2026/01/13 23:05:48 Line 38: Linked existing uploads for external ID '353'
2026/01/13 23:05:51 Line 38: Sent password setup email to 'mschorer@me.com'
2026/01/13 23:05:52 Line 39: Created user 'quasisequoia@gmail.com' (ID: 20080)
2026/01/13 23:05:52 Line 39: Linked existing uploads for external ID '355'
2026/01/13 23:05:55 Line 39: Sent password setup email to 'quasisequoia@gmail.com'
2026/01/13 23:05:55 Line 40: Created user 'jhon.sharma01@gmail.com' (ID: 20081)
2026/01/13 23:05:55 Line 40: Linked existing uploads for external ID '349'
2026/01/13 23:05:58 Line 40: Sent password setup email to 'jhon.sharma01@gmail.com'
2026/01/13 23:05:58 Line 41: Created user 'alessia.cacopardo@usi.ch' (ID: 20083)
2026/01/13 23:05:58 Line 41: Linked existing uploads for external ID '357'
2026/01/13 23:06:01 Line 41: Sent password setup email to 'alessia.cacopardo@usi.ch'
2026/01/13 23:06:02 Line 42: Created user 'ionsystems@yahoo.com' (ID: 20085)
2026/01/13 23:06:02 Line 42: Linked existing uploads for external ID '230'
2026/01/13 23:06:05 Line 42: Sent password setup email to 'ionsystems@yahoo.com'
2026/01/13 23:06:05 Line 43: Created user 'gh@gregor-horvath.com' (ID: 20087)
2026/01/13 23:06:05 Line 43: Linked existing uploads for external ID '223'
2026/01/13 23:06:08 Line 43: Sent password setup email to 'gh@gregor-horvath.com'
2026/01/13 23:06:09 Line 44: Created user 'alextanwm@gmail.com' (ID: 20089)
2026/01/13 23:06:09 Line 44: Linked existing uploads for external ID '224'
2026/01/13 23:06:12 Line 44: Sent password setup email to 'alextanwm@gmail.com'
2026/01/13 23:06:13 Line 45: Created user 'rdtn99@gmail.com' (ID: 20091)
2026/01/13 23:06:13 Line 45: Linked existing uploads for external ID '494'
2026/01/13 23:06:16 Line 45: Sent password setup email to 'rdtn99@gmail.com'
2026/01/13 23:06:16 Line 46: Created user 'jpoq@mac.com' (ID: 20094)
2026/01/13 23:06:16 Line 46: Linked existing uploads for external ID '311'
2026/01/13 23:06:19 Line 46: Sent password setup email to 'jpoq@mac.com'
2026/01/13 23:06:19 Line 47: Created user 'josiebearspdr@hotmail.com' (ID: 20096)
2026/01/13 23:06:19 Line 47: Linked existing uploads for external ID '246'
2026/01/13 23:06:23 Line 47: Sent password setup email to 'josiebearspdr@hotmail.com'
2026/01/13 23:06:23 Line 48: Created user 'safecastjpken@gmail.com' (ID: 20098)
2026/01/13 23:06:23 Line 48: Linked existing uploads for external ID '82'
2026/01/13 23:06:27 Line 48: Sent password setup email to 'safecastjpken@gmail.com'
2026/01/13 23:06:27 Line 49: Created user 'minoru.yokoo@gmail.com' (ID: 20100)
2026/01/13 23:06:27 Line 49: Linked existing uploads for external ID '566'
2026/01/13 23:06:31 Line 49: Sent password setup email to 'minoru.yokoo@gmail.com'
2026/01/13 23:06:31 Line 50: Created user 'jangajdosik@technet.ms' (ID: 20102)
2026/01/13 23:06:31 Line 50: Linked existing uploads for external ID '255'
2026/01/13 23:06:32 Line 50: Error sending email to 'jangajdosik@technet.ms': SMTP authentication failed: 454 4.7.0 Too many login attempts, please try again later. For more information,
4.7.0 go to
4.7.0  https://support.google.com/mail/answer/7126229 d2e1a72fcca58-819c5de66d1sm20621033b3a.62 - gsmtp
2026/01/13 23:06:32 Line 51: Created user 'ethanz@mit.edu' (ID: 20104)
2026/01/13 23:06:32 Line 51: Linked existing uploads for external ID '358'
2026/01/13 23:06:34 Line 51: Error sending email to 'ethanz@mit.edu': SMTP authentication failed: 454 4.7.0 Too many login attempts, please try again later. For more information,
4.7.0 go to
4.7.0  https://support.google.com/mail/answer/7126229 98e67ed59e1d1-34f5f7b19ebsm20056681a91.3 - gsmtp
2026/01/13 23:06:34 Line 52: Created user 'mohamed.nanabhay@gmail.com' (ID: 20106)
2026/01/13 23:06:34 Line 52: Linked existing uploads for external ID '352'
2026/01/13 23:06:35 Line 52: Error sending email to 'mohamed.nanabhay@gmail.com': SMTP authentication failed: 454 4.7.0 Too many login attempts, please try again later. For more information,
4.7.0 go to
4.7.0  https://support.google.com/mail/answer/7126229 d9443c01a7336-2a3e3c4795fsm206221485ad.33 - gsmtp
2026/01/13 23:06:35 Line 53: Created user 'qqpd746e9@arion.ocn.ne.jp' (ID: 20108)
2026/01/13 23:06:35 Line 53: Linked existing uploads for external ID '165'
2026/01/13 23:06:37 Line 53: Error sending email to 'qqpd746e9@arion.ocn.ne.jp': SMTP authentication failed: 454 4.7.0 Too many login attempts, please try again later. For more information,
4.7.0 go to
4.7.0  https://support.google.com/mail/answer/7126229 98e67ed59e1d1-3510680966csm64110a91.0 - gsmtp
2026/01/13 23:06:37 Line 54: Created user 'beaconpak@yahoo.com' (ID: 20110)
2026/01/13 23:06:37 Line 54: Linked existing uploads for external ID '232'
2026/01/13 23:06:39 Line 54: Error sending email to 'beaconpak@yahoo.com': SMTP authentication failed: 454 4.7.0 Too many login attempts, please try again later. For more information,
4.7.0 go to
4.7.0  https://support.google.com/mail/answer/7126229 d9443c01a7336-2a3e3cb2b4dsm206990215ad.54 - gsmtp
2026/01/13 23:06:39 Line 55: Created user 'jingsiifish@gmail.com' (ID: 20113)
2026/01/13 23:06:39 Line 55: Linked existing uploads for external ID '240'
2026/01/13 23:06:40 Line 55: Error sending email to 'jingsiifish@gmail.com': SMTP authentication failed: 454 4.7.0 Too many login attempts, please try again later. For more information,
4.7.0 go to
4.7.0  https://support.google.com/mail/answer/7126229 d2e1a72fcca58-81f7aae1943sm641300b3a.25 - gsmtp
2026/01/13 23:06:40 Line 56: Created user 'lynnmleathers@gmail.com' (ID: 20115)
2026/01/13 23:06:40 Line 56: Linked existing uploads for external ID '231'
2026/01/13 23:06:42 Line 56: Error sending email to 'lynnmleathers@gmail.com': SMTP authentication failed: 454 4.7.0 Too many login attempts, please try again later. For more information,
4.7.0 go to
4.7.0  https://support.google.com/mail/answer/7126229 d2e1a72fcca58-81f66f9cf38sm4225737b3a.53 - gsmtp
2026/01/13 23:06:42 Line 57: Created user 'mahmood@helium.co' (ID: 20117)
2026/01/13 23:06:42 Line 57: Linked existing uploads for external ID '644'
2026/01/13 23:06:43 Line 57: Error sending email to 'mahmood@helium.co': SMTP authentication failed: 454 4.7.0 Too many login attempts, please try again later. For more information,
4.7.0 go to
4.7.0  https://support.google.com/mail/answer/7126229 d2e1a72fcca58-81e3eb854e3sm12186880b3a.5 - gsmtp
2026/01/13 23:06:43 Line 58: Created user 'mpowell20032004@yahoo.com' (ID: 20118)
2026/01/13 23:06:43 Line 58: Linked existing uploads for external ID '317'
2026/01/13 23:06:45 Line 58: Error sending email to 'mpowell20032004@yahoo.com': SMTP authentication failed: 454 4.7.0 Too many login attempts, please try again later. For more information,
4.7.0 go to
4.7.0  https://support.google.com/mail/answer/7126229 d2e1a72fcca58-81f43460f1esm8885624b3a.59 - gsmtp
2026/01/13 23:06:45 Line 59: Created user 'kfsosaka@gmail.com' (ID: 20121)
2026/01/13 23:06:45 Line 59: Linked existing uploads for external ID '577'
2026/01/13 23:06:47 Line 59: Error sending email to 'kfsosaka@gmail.com': SMTP authentication failed: 454 4.7.0 Too many login attempts, please try again later. For more information,
4.7.0 go to
4.7.0  https://support.google.com/mail/answer/7126229 98e67ed59e1d1-34f5fb75902sm20060786a91.16 - gsmtp
2026/01/13 23:06:47 Line 60: Error creating user 'dan.ila0fox9@gmail.com': ERROR: duplicate key value violates unique constraint "users_username_key" (SQLSTATE 23505)
2026/01/13 23:06:47 Line 61: Created user 'machikoyasuda@gmail.com' (ID: 20124)
2026/01/13 23:06:47 Line 61: Linked existing uploads for external ID '673'
2026/01/13 23:06:49 Line 61: Error sending email to 'machikoyasuda@gmail.com': SMTP authentication failed: 454 4.7.0 Too many login attempts, please try again later. For more information,
4.7.0 go to
4.7.0  https://support.google.com/mail/answer/7126229 d2e1a72fcca58-81f2347e3edsm10103583b3a.49 - gsmtp
2026/01/13 23:06:49 Line 62: Created user 'rvivekanandhan1@gmail.com' (ID: 20126)
2026/01/13 23:06:49 Line 62: Linked existing uploads for external ID '1070'
2026/01/13 23:06:50 Line 62: Error sending email to 'rvivekanandhan1@gmail.com': SMTP authentication failed: 454 4.7.0 Too many login attempts, please try again later. For more information,
4.7.0 go to
4.7.0  https://support.google.com/mail/answer/7126229 d2e1a72fcca58-81e7fd708fdsm11868960b3a.65 - gsmtp
2026/01/13 23:06:51 Line 63: Created user 'kborst@mcn.org' (ID: 20128)
2026/01/13 23:06:51 Line 63: Linked existing uploads for external ID '427'
2026/01/13 23:06:52 Line 63: Error sending email to 'kborst@mcn.org': SMTP authentication failed: 454 4.7.0 Too many login attempts, please try again later. For more information,
4.7.0 go to
4.7.0  https://support.google.com/mail/answer/7126229 98e67ed59e1d1-34f5f8b0f67sm20157419a91.15 - gsmtp
2026/01/13 23:06:52 Line 64: Created user 'alaskanrose@me.com' (ID: 20131)
2026/01/13 23:06:52 Line 64: Linked existing uploads for external ID '421'
2026/01/13 23:06:53 Line 64: Error sending email to 'alaskanrose@me.com': SMTP authentication failed: 454 4.7.0 Too many login attempts, please try again later. For more information,
4.7.0 go to
4.7.0  https://support.google.com/mail/answer/7126229 d9443c01a7336-2a3e3c48c15sm200571775ad.27 - gsmtp
2026/01/13 23:06:54 Line 65: Created user 'bordois@yahoo.fr' (ID: 20133)
2026/01/13 23:06:54 Line 65: Linked existing uploads for external ID '741'
2026/01/13 23:06:55 Line 65: Error sending email to 'bordois@yahoo.fr': SMTP authentication failed: 454 4.7.0 Too many login attempts, please try again later. For more information,
4.7.0 go to
4.7.0  https://support.google.com/mail/answer/7126229 d2e1a72fcca58-81f3cae7e7esm9605022b3a.44 - gsmtp
2026/01/13 23:06:55 Line 66: Created user 'kmc@ea-intl.com' (ID: 20135)
2026/01/13 23:06:55 Line 66: Linked existing uploads for external ID '686'
2026/01/13 23:06:57 Line 66: Error sending email to 'kmc@ea-intl.com': SMTP authentication failed: 454 4.7.0 Too many login attempts, please try again later. For more information,
4.7.0 go to
4.7.0  https://support.google.com/mail/answer/7126229 d9443c01a7336-2a3e3c48931sm199953965ad.29 - gsmtp
2026/01/13 23:06:57 Line 67: Created user 'coleenjose@gmail.com' (ID: 20137)
2026/01/13 23:06:57 Line 67: Linked existing uploads for external ID '716'
2026/01/13 23:06:58 Line 67: Error sending email to 'coleenjose@gmail.com': SMTP authentication failed: 454 4.7.0 Too many login attempts, please try again later. For more information,
4.7.0 go to
4.7.0  https://support.google.com/mail/answer/7126229 d9443c01a7336-2a3e3cb2d6csm204956525ad.64 - gsmtp
2026/01/13 23:06:58 Line 68: Created user 'eringierieriko@gmail.com' (ID: 20139)
2026/01/13 23:06:58 Line 68: Linked existing uploads for external ID '908'
2026/01/13 23:07:00 Line 68: Error sending email to 'eringierieriko@gmail.com': SMTP authentication failed: 454 4.7.0 Too many login attempts, please try again later. For more information,
4.7.0 go to
4.7.0  https://support.google.com/mail/answer/7126229 d9443c01a7336-2a3e3cc8d76sm202290635ad.84 - gsmtp
2026/01/13 23:07:00 Line 69: Created user 'igor.saloma@gmx.de' (ID: 20141)
2026/01/13 23:07:00 Line 69: Linked existing uploads for external ID '2319'
2026/01/13 23:07:02 Line 69: Error sending email to 'igor.saloma@gmx.de': SMTP authentication failed: 454 4.7.0 Too many login attempts, please try again later. For more information,
4.7.0 go to
4.7.0  https://support.google.com/mail/answer/7126229 d2e1a72fcca58-81e4c0f183bsm12224231b3a.42 - gsmtp
2026/01/13 23:07:02 Line 70: Created user 'jhc@panovision.kr' (ID: 20143)
2026/01/13 23:07:02 Line 70: Linked existing uploads for external ID '1674'
2026/01/13 23:07:03 Line 70: Error sending email to 'jhc@panovision.kr': SMTP authentication failed: 454 4.7.0 Too many login attempts, please try again later. For more information,
4.7.0 go to
4.7.0  https://support.google.com/mail/answer/7126229 d9443c01a7336-2a3e3c48c20sm204572955ad.32 - gsmtp
2026/01/13 23:07:03 Line 71: Created user 'jeremyhedley@gmail.com' (ID: 20145)
2026/01/13 23:07:03 Line 71: Linked existing uploads for external ID '542'
2026/01/13 23:07:05 Line 71: Error sending email to 'jeremyhedley@gmail.com': SMTP authentication failed: 454 4.7.0 Too many login attempts, please try again later. For more information,
4.7.0 go to
4.7.0  https://support.google.com/mail/answer/7126229 41be03b00d2f7-c4cc96ca7a9sm20139640a12.25 - gsmtp
2026/01/13 23:07:05 Line 72: Created user 'vladan.joler@shareconference.net' (ID: 20147)
2026/01/13 23:07:05 Line 72: Linked existing uploads for external ID '583'
2026/01/13 23:07:06 Line 72: Error sending email to 'vladan.joler@shareconference.net': SMTP authentication failed: 454 4.7.0 Too many login attempts, please try again later. For more information,
4.7.0 go to
4.7.0  https://support.google.com/mail/answer/7126229 d2e1a72fcca58-81f36f88f4bsm9992919b3a.36 - gsmtp
2026/01/13 23:07:06 Line 73: Created user 'thorsten@overgaard.dk' (ID: 20149)
2026/01/13 23:07:06 Line 73: Linked existing uploads for external ID '461'
2026/01/13 23:07:07 Line 73: Error sending email to 'thorsten@overgaard.dk': SMTP authentication failed: 454 4.7.0 Too many login attempts, please try again later. For more information,
4.7.0 go to
4.7.0  https://support.google.com/mail/answer/7126229 98e67ed59e1d1-34f5fa93f30sm19847929a91.5 - gsmtp
2026/01/13 23:07:08 Line 74: Created user 'kepinson76@gmail.com' (ID: 20151)
2026/01/13 23:07:08 Line 74: Linked existing uploads for external ID '1389'
2026/01/13 23:07:09 Line 74: Error sending email to 'kepinson76@gmail.com': SMTP authentication failed: 454 4.7.0 Too many login attempts, please try again later. For more information,
4.7.0 go to
4.7.0  https://support.google.com/mail/answer/7126229 d2e1a72fcca58-81f73785b79sm2104642b3a.39 - gsmtp
2026/01/13 23:07:09 Line 75: Created user 'lascot1@att.net' (ID: 20153)
2026/01/13 23:07:09 Line 75: Linked existing uploads for external ID '248'
2026/01/13 23:07:10 Line 75: Error sending email to 'lascot1@att.net': SMTP authentication failed: 454 4.7.0 Too many login attempts, please try again later. For more information,
4.7.0 go to
4.7.0  https://support.google.com/mail/answer/7126229 d2e1a72fcca58-81f3cae7e7esm9605633b3a.44 - gsmtp
2026/01/13 23:07:10 Line 76: Created user 'yangdi.tschannerl@gmail.com' (ID: 20155)
2026/01/13 23:07:10 Line 76: Linked existing uploads for external ID '278'
2026/01/13 23:07:11 Line 76: Error sending email to 'yangdi.tschannerl@gmail.com': SMTP authentication failed: 454 4.7.0 Too many login attempts, please try again later. For more information,
4.7.0 go to
4.7.0  https://support.google.com/mail/answer/7126229 41be03b00d2f7-c4cc8d29521sm20234926a12.23 - gsmtp
2026/01/13 23:07:11 Line 77: Created user 'eweinhoffer@gmail.com' (ID: 20157)
2026/01/13 23:07:11 Line 77: Linked existing uploads for external ID '320'
2026/01/13 23:07:13 Line 77: Error sending email to 'eweinhoffer@gmail.com': SMTP authentication failed: 454 4.7.0 Too many login attempts, please try again later. For more information,
4.7.0 go to
4.7.0  https://support.google.com/mail/answer/7126229 d9443c01a7336-2a3e3cd2906sm201934505ad.87 - gsmtp
2026/01/13 23:07:13 Line 78: Created user 'mike@mikeandmary.net' (ID: 20159)
2026/01/13 23:07:13 Line 78: Linked existing uploads for external ID '145'
2026/01/13 23:07:14 Line 78: Error sending email to 'mike@mikeandmary.net': SMTP authentication failed: 454 4.7.0 Too many login attempts, please try again later. For more information,
4.7.0 go to
4.7.0  https://support.google.com/mail/answer/7126229 d9443c01a7336-2a3e3cc7912sm205799155ad.67 - gsmtp
2026/01/13 23:07:15 Line 79: Created user 'ianc@eabzu.com' (ID: 20161)
2026/01/13 23:07:15 Line 79: Linked existing uploads for external ID '314'
2026/01/13 23:07:16 Line 79: Error sending email to 'ianc@eabzu.com': SMTP authentication failed: 454 4.7.0 Too many login attempts, please try again later. For more information,
4.7.0 go to
4.7.0  https://support.google.com/mail/answer/7126229 98e67ed59e1d1-34f5fa7820fsm19990959a91.2 - gsmtp
2026/01/13 23:07:16 Line 80: Created user 'lakofsth@gmail.com' (ID: 20163)
2026/01/13 23:07:16 Line 80: Linked existing uploads for external ID '315'
2026/01/13 23:07:17 Line 80: Error sending email to 'lakofsth@gmail.com': SMTP authentication failed: 454 4.7.0 Too many login attempts, please try again later. For more information,
4.7.0 go to
4.7.0  https://support.google.com/mail/answer/7126229 d2e1a72fcca58-81dc51581e0sm12780242b3a.58 - gsmtp
2026/01/13 23:07:17 Line 81: Created user 'mauriceg@gmx.net' (ID: 20165)
2026/01/13 23:07:17 Line 81: Linked existing uploads for external ID '313'
2026/01/13 23:07:19 Line 81: Error sending email to 'mauriceg@gmx.net': SMTP authentication failed: 454 4.7.0 Too many login attempts, please try again later. For more information,
4.7.0 go to
4.7.0  https://support.google.com/mail/answer/7126229 98e67ed59e1d1-34f5fb64bfesm20483921a91.9 - gsmtp
2026/01/13 23:07:19 Line 82: Created user 'hiro-ito@iti-dev.jp' (ID: 20167)
2026/01/13 23:07:19 Line 82: Linked existing uploads for external ID '253'
2026/01/13 23:07:20 Line 82: Error sending email to 'hiro-ito@iti-dev.jp': SMTP authentication failed: 454 4.7.0 Too many login attempts, please try again later. For more information,
4.7.0 go to
4.7.0  https://support.google.com/mail/answer/7126229 d9443c01a7336-2a3e3c3a4fcsm204641015ad.12 - gsmtp
2026/01/13 23:07:20 Line 83: Created user 'jobertu@gmail.com' (ID: 20169)
2026/01/13 23:07:20 Line 83: Linked existing uploads for external ID '399'
2026/01/13 23:07:22 Line 83: Error sending email to 'jobertu@gmail.com': SMTP authentication failed: 454 4.7.0 Too many login attempts, please try again later. For more information,
4.7.0 go to
4.7.0  https://support.google.com/mail/answer/7126229 98e67ed59e1d1-34f5fb64b3esm20113420a91.10 - gsmtp
2026/01/13 23:07:22 Line 84: Created user 'boxalljohn@live.com' (ID: 20171)
2026/01/13 23:07:22 Line 84: Linked existing uploads for external ID '291'
2026/01/13 23:07:24 Line 84: Error sending email to 'boxalljohn@live.com': SMTP authentication failed: 454 4.7.0 Too many login attempts, please try again later. For more information,
4.7.0 go to
4.7.0  https://support.google.com/mail/answer/7126229 d9443c01a7336-2a3e3ba03f9sm201592925ad.0 - gsmtp
2026/01/13 23:07:24 Line 85: Created user 'brasche@gmail.com' (ID: 20174)
2026/01/13 23:07:24 Line 85: Linked existing uploads for external ID '260'
2026/01/13 23:07:25 Line 85: Error sending email to 'brasche@gmail.com': SMTP authentication failed: 454 4.7.0 Too many login attempts, please try again later. For more information,
4.7.0 go to
4.7.0  https://support.google.com/mail/answer/7126229 d2e1a72fcca58-81f3ce8df8bsm9527723b3a.40 - gsmtp
2026/01/13 23:07:25 Line 86: Created user 'crawlergo@gmail.com' (ID: 20176)
2026/01/13 23:07:25 Line 86: Linked existing uploads for external ID '4932'
2026/01/13 23:07:27 Line 86: Error sending email to 'crawlergo@gmail.com': SMTP authentication failed: 454 4.7.0 Too many login attempts, please try again later. For more information,
4.7.0 go to
4.7.0  https://support.google.com/mail/answer/7126229 d2e1a72fcca58-81e5d129d41sm12061195b3a.67 - gsmtp
2026/01/13 23:07:27 Line 87: Created user 'grosswm@yahoo.com' (ID: 20178)
2026/01/13 23:07:27 Line 87: Linked existing uploads for external ID '252'
2026/01/13 23:07:29 Line 87: Error sending email to 'grosswm@yahoo.com': SMTP authentication failed: 454 4.7.0 Too many login attempts, please try again later. For more information,
4.7.0 go to
4.7.0  https://support.google.com/mail/answer/7126229 98e67ed59e1d1-34f5f7b1922sm20456046a91.4 - gsmtp
2026/01/13 23:07:29 Line 88: Created user 'olivier.baillif@bluewin.ch' (ID: 20180)
2026/01/13 23:07:29 Line 88: Linked existing uploads for external ID '721'
2026/01/13 23:07:30 Line 88: Error sending email to 'olivier.baillif@bluewin.ch': SMTP authentication failed: 454 4.7.0 Too many login attempts, please try again later. For more information,
4.7.0 go to
4.7.0  https://support.google.com/mail/answer/7126229 d9443c01a7336-2a3e3cb2d6csm204966985ad.64 - gsmtp
2026/01/13 23:07:30 Line 89: Created user 'michaelrmartin@acm.org' (ID: 20182)
2026/01/13 23:07:30 Line 89: Linked existing uploads for external ID '262'
2026/01/13 23:07:31 Line 89: Error sending email to 'michaelrmartin@acm.org': SMTP authentication failed: 454 4.7.0 Too many login attempts, please try again later. For more information,
4.7.0 go to
4.7.0  https://support.google.com/mail/answer/7126229 d2e1a72fcca58-81f3909d2cbsm9846209b3a.48 - gsmtp
2026/01/13 23:07:32 Line 90: Created user 'michihisa.kono@siemens.com' (ID: 20184)
2026/01/13 23:07:32 Line 90: Linked existing uploads for external ID '261'
2026/01/13 23:07:33 Line 90: Error sending email to 'michihisa.kono@siemens.com': SMTP authentication failed: 454 4.7.0 Too many login attempts, please try again later. For more information,
4.7.0 go to
4.7.0  https://support.google.com/mail/answer/7126229 98e67ed59e1d1-351068fe256sm50021a91.5 - gsmtp
2026/01/13 23:07:33 Line 91: Created user 'sigels2010@gmail.com' (ID: 20185)
2026/01/13 23:07:33 Line 91: Linked existing uploads for external ID '596'
2026/01/13 23:07:35 Line 91: Error sending email to 'sigels2010@gmail.com': SMTP authentication failed: 454 4.7.0 Too many login attempts, please try again later. For more information,
4.7.0 go to
4.7.0  https://support.google.com/mail/answer/7126229 98e67ed59e1d1-3510680966csm64806a91.0 - gsmtp
2026/01/13 23:07:35 Line 92: Created user 'shroshi0329@gmail.com' (ID: 20188)
2026/01/13 23:07:35 Line 92: Linked existing uploads for external ID '1659'
2026/01/13 23:07:36 Line 92: Error sending email to 'shroshi0329@gmail.com': SMTP authentication failed: 454 4.7.0 Too many login attempts, please try again later. For more information,
4.7.0 go to
4.7.0  https://support.google.com/mail/answer/7126229 d2e1a72fcca58-81d9b88caf5sm4848280b3a.4 - gsmtp
2026/01/13 23:07:36 Line 93: Created user 'struct_dj@hotmail.com' (ID: 20190)
2026/01/13 23:07:36 Line 93: Linked existing uploads for external ID '463'
2026/01/13 23:07:38 Line 93: Error sending email to 'struct_dj@hotmail.com': SMTP authentication failed: 454 4.7.0 Too many login attempts, please try again later. For more information,
4.7.0 go to
4.7.0  https://support.google.com/mail/answer/7126229 d2e1a72fcca58-81efe4a95c7sm10464706b3a.37 - gsmtp
2026/01/13 23:07:38 Line 94: Created user 'rosinchen@hotmail.com' (ID: 20192)
2026/01/13 23:07:38 Line 94: Linked existing uploads for external ID '464'
2026/01/13 23:07:39 Line 94: Error sending email to 'rosinchen@hotmail.com': SMTP authentication failed: 454 4.7.0 Too many login attempts, please try again later. For more information,
4.7.0 go to
4.7.0  https://support.google.com/mail/answer/7126229 98e67ed59e1d1-350ff0ecfcfsm1109814a91.6 - gsmtp
2026/01/13 23:07:39 Line 95: Created user 'wsng@salesforce.com' (ID: 20193)
2026/01/13 23:07:39 Line 95: Linked existing uploads for external ID '470'
2026/01/13 23:07:40 Line 95: Error sending email to 'wsng@salesforce.com': SMTP authentication failed: 454 4.7.0 Too many login attempts, please try again later. For more information,
4.7.0 go to
4.7.0  https://support.google.com/mail/answer/7126229 98e67ed59e1d1-34f5f88e952sm20501802a91.11 - gsmtp
2026/01/13 23:07:40 Line 96: Created user 'matt@vbcity.com' (ID: 20195)
2026/01/13 23:07:40 Line 96: Linked existing uploads for external ID '430'
2026/01/13 23:07:42 Line 96: Error sending email to 'matt@vbcity.com': SMTP authentication failed: 454 4.7.0 Too many login attempts, please try again later. For more information,
4.7.0 go to
4.7.0  https://support.google.com/mail/answer/7126229 d2e1a72fcca58-81f36f88f4bsm9994185b3a.36 - gsmtp
2026/01/13 23:07:42 Line 97: Created user 'prakash.shri@gmail.com' (ID: 20197)
2026/01/13 23:07:42 Line 97: Linked existing uploads for external ID '918'
2026/01/13 23:07:44 Line 97: Error sending email to 'prakash.shri@gmail.com': SMTP authentication failed: 454 4.7.0 Too many login attempts, please try again later. For more information,
4.7.0 go to
4.7.0  https://support.google.com/mail/answer/7126229 98e67ed59e1d1-34f5f7c2666sm20066907a91.5 - gsmtp
2026/01/13 23:07:44 Line 98: Error creating user 'mcain@southpacificcorp.net': ERROR: duplicate key value violates unique constraint "users_username_key" (SQLSTATE 23505)
2026/01/13 23:07:44 Line 99: Created user 'stanford@svblue.net' (ID: 20200)
2026/01/13 23:07:44 Line 99: Linked existing uploads for external ID '432'
2026/01/13 23:07:46 Line 99: Error sending email to 'stanford@svblue.net': SMTP authentication failed: 454 4.7.0 Too many login attempts, please try again later. For more information,
4.7.0 go to
4.7.0  https://support.google.com/mail/answer/7126229 98e67ed59e1d1-34f5f7b19ebsm20058839a91.3 - gsmtp
2026/01/13 23:07:46 Line 100: Created user 'james.j.frey@gmail.com' (ID: 20202)
2026/01/13 23:07:46 Line 100: Linked existing uploads for external ID '706'
2026/01/13 23:07:48 Line 100: Error sending email to 'james.j.frey@gmail.com': SMTP authentication failed: 454 4.7.0 Too many login attempts, please try again later. For more information,
4.7.0 go to
4.7.0  https://support.google.com/mail/answer/7126229 41be03b00d2f7-c4cbfc2f476sm6370133a12.8 - gsmtp
2026/01/13 23:07:48 Line 101: Created user 'thomas.meyze@orange.fr' (ID: 20204)
2026/01/13 23:07:48 Line 101: Linked existing uploads for external ID '705'
2026/01/13 23:07:49 Line 101: Error sending email to 'thomas.meyze@orange.fr': SMTP authentication failed: 454 4.7.0 Too many login attempts, please try again later. For more information,
4.7.0 go to
4.7.0  https://support.google.com/mail/answer/7126229 d9443c01a7336-2a3e3c47147sm198976715ad.22 - gsmtp
2026/01/13 23:07:49 Line 102: Created user 'dannyboyrose69@yahoo.com' (ID: 20206)
2026/01/13 23:07:49 Line 102: Linked existing uploads for external ID '3189'
2026/01/13 23:07:50 Line 102: Error sending email to 'dannyboyrose69@yahoo.com': SMTP authentication failed: 454 4.7.0 Too many login attempts, please try again later. For more information,
4.7.0 go to
4.7.0  https://support.google.com/mail/answer/7126229 d2e1a72fcca58-819c52fc9bdsm20657447b3a.32 - gsmtp
2026/01/13 23:07:51 Line 103: Created user 'alan_lau@hotmail.com' (ID: 20208)
2026/01/13 23:07:51 Line 103: Linked existing uploads for external ID '926'
2026/01/13 23:07:52 Line 103: Error sending email to 'alan_lau@hotmail.com': SMTP authentication failed: 454 4.7.0 Too many login attempts, please try again later. For more information,
4.7.0 go to
4.7.0  https://support.google.com/mail/answer/7126229 98e67ed59e1d1-35106809682sm62944a91.3 - gsmtp
2026/01/13 23:07:52 Line 104: User 'k.jitensha@gmail.com' already exists (ID: 20000), skipping
2026/01/13 23:07:52 Line 105: User 'collectif.stop.pollutions@aol.com' already exists (ID: 20001), skipping
2026/01/13 23:07:52 Line 106: User 'controller@gildevco.comn' already exists (ID: 20002), skipping
2026/01/13 23:07:52 Line 107: User 'san1@fastshipcialis.com' already exists (ID: 20003), skipping
2026/01/13 23:07:52 Line 108: User 'eugeny.klementev@sarov-itc.ru' already exists (ID: 20004), skipping
2026/01/13 23:07:52 Line 109: User 'hitsh@htypo.net' already exists (ID: 20005), skipping
2026/01/13 23:07:52 Line 110: User 'steve@garage.co.jp' already exists (ID: 20006), skipping
2026/01/13 23:07:52 Line 111: User 'wcoburn@gmail.com' already exists (ID: 20008), skipping
2026/01/13 23:07:52 Line 112: User 'houston.farris@mac.com' already exists (ID: 20012), skipping
2026/01/13 23:07:52 Line 113: User 'lionsjazz@kub.biglobe.ne.jp' already exists (ID: 20013), skipping
2026/01/13 23:07:52 Line 114: User 'haschey@gmail.com' already exists (ID: 20015), skipping
2026/01/13 23:07:52 Line 115: User 'thos.obrien@gmail.com' already exists (ID: 20017), skipping
2026/01/13 23:07:52 Line 116: User 'ivanisov@yandex.ru' already exists (ID: 20018), skipping
2026/01/13 23:07:52 Line 117: User 'theroyprocess@cox.net' already exists (ID: 20020), skipping
2026/01/13 23:07:52 Line 118: User 'leocst@gmail.com' already exists (ID: 20021), skipping
2026/01/13 23:07:52 Line 119: User 'raul@gnaga.net' already exists (ID: 20023), skipping
2026/01/13 23:07:52 Line 120: User 'k-omura@sios.com' already exists (ID: 20025), skipping
2026/01/13 23:07:52 Line 121: User 'tinymavis@hotmail.com' already exists (ID: 20028), skipping
2026/01/13 23:07:52 Line 122: User 'chaelim@gmail.com' already exists (ID: 20030), skipping
2026/01/13 23:07:52 Line 123: User 'mshp@gmx.de' already exists (ID: 20032), skipping
2026/01/13 23:07:52 Line 124: User 'karo70946@gmail.com' already exists (ID: 20034), skipping
2026/01/13 23:07:52 Line 125: User 'maxarisa@gmail.com' already exists (ID: 20036), skipping
2026/01/13 23:07:52 Line 126: User 'kcoutlee@bellsouth.net' already exists (ID: 20038), skipping
2026/01/13 23:07:52 Line 127: User 'tohora@me.com' already exists (ID: 20041), skipping
2026/01/13 23:07:52 Line 128: User 'swy@fourmagicacres.net' already exists (ID: 20043), skipping
2026/01/13 23:07:52 Line 129: User 'vacillates@gmail.com' already exists (ID: 20045), skipping
2026/01/13 23:07:52 Line 130: User 'lisaragon1@yahoo.com' already exists (ID: 20047), skipping
2026/01/13 23:07:52 Line 131: User 'uga.ugggf@gmail.com' already exists (ID: 20049), skipping
2026/01/13 23:07:52 Line 132: User 'liang2001_1983@hotmail.com' already exists (ID: 20052), skipping
2026/01/13 23:07:52 Line 133: User 'christopher.croucher@gmail.com' already exists (ID: 20054), skipping
2026/01/13 23:07:52 Line 134: User 'mistergibson@gmail.com' already exists (ID: 20056), skipping
2026/01/13 23:07:52 Line 135: User 'jp296177@gmail.com' already exists (ID: 20058), skipping
2026/01/13 23:07:52 Line 136: User 'rachel.yap@anz.com' already exists (ID: 20059), skipping
2026/01/13 23:07:52 Line 137: User 'jeremy.costen@gmail.com' already exists (ID: 20060), skipping
2026/01/13 23:07:52 Line 138: User 'mstrider80@yahoo.com' already exists (ID: 20062), skipping
2026/01/13 23:07:52 Line 139: User 'rad.davis@gmail.com' already exists (ID: 20064), skipping
2026/01/13 23:07:52 Line 140: User 'wwwilder@me.com' already exists (ID: 20066), skipping
2026/01/13 23:07:52 Line 141: User 'sunyongwing@gmail.com' already exists (ID: 20068), skipping
2026/01/13 23:07:52 Line 142: User 'lindaspeel@gmai.com' already exists (ID: 20071), skipping
2026/01/13 23:07:52 Line 143: User 'kankyo_shimin@ybb.ne.jp' already exists (ID: 20073), skipping
2026/01/13 23:07:52 Line 144: User 'macin.masaki@gmail.com' already exists (ID: 20075), skipping
2026/01/13 23:07:52 Line 145: User 'hilguy@uwclub.net' already exists (ID: 20077), skipping
2026/01/13 23:07:52 Line 146: User 'info.iigenki@gmail.com' already exists (ID: 20079), skipping
2026/01/13 23:07:52 Line 147: User 'pyonpyon@mac.com' already exists (ID: 20082), skipping
2026/01/13 23:07:52 Line 148: User 'kanmimono+safecast@gmail.com' already exists (ID: 20084), skipping
2026/01/13 23:07:52 Line 149: User 'solarengineer@gmail.com' already exists (ID: 20086), skipping
2026/01/13 23:07:52 Line 150: User 'isdale@gmail.com' already exists (ID: 20088), skipping
2026/01/13 23:07:52 Line 151: User 'sarablebina@yahooo.fr' already exists (ID: 20090), skipping
2026/01/13 23:07:52 Line 152: Error creating user 'kevin@rkn.la': ERROR: duplicate key value violates unique constraint "users_username_key" (SQLSTATE 23505)
2026/01/13 23:07:52 Line 153: User 'christophe.rabe@anciens.ensi-bourges.fr' already exists (ID: 20093), skipping
2026/01/13 23:07:52 Line 154: User 'cw-p.com@icarus10.com' already exists (ID: 20095), skipping
2026/01/13 23:07:52 Line 155: User 'grigoriyleps@reg.pw' already exists (ID: 20097), skipping
2026/01/13 23:07:52 Line 156: User 'boardmanb@aw-el.com' already exists (ID: 20099), skipping
2026/01/13 23:07:52 Line 157: User 'remmuhbee@gmail.com' already exists (ID: 20101), skipping
2026/01/13 23:07:52 Line 158: User 'jcarlso20@gmail.com' already exists (ID: 20103), skipping
2026/01/13 23:07:52 Line 159: User 'lionel.chailan@gmail.com' already exists (ID: 20105), skipping
2026/01/13 23:07:53 Line 160: Error creating user 'sarablebina@yahoo.fr': ERROR: duplicate key value violates unique constraint "users_username_key" (SQLSTATE 23505)
2026/01/13 23:07:53 Line 161: User 'aninagerchick@gmail.com' already exists (ID: 20109), skipping
2026/01/13 23:07:53 Line 162: User 'luv.ps.msc.glb.com@gmail.com' already exists (ID: 20111), skipping
2026/01/13 23:07:53 Line 163: User 'ezabayeju@asdfasdfmail.com' already exists (ID: 20112), skipping
2026/01/13 23:07:53 Line 164: User 'risa@aa.mbn.or.jp' already exists (ID: 20114), skipping
2026/01/13 23:07:53 Line 165: User 'ikuugla@dfoofmail.com' already exists (ID: 20116), skipping
2026/01/13 23:07:53 Line 166: User 'murata@ll.em-net.ne.jp' already exists (ID: 20119), skipping
2026/01/13 23:07:53 Line 167: User 'eoin@randomrules.org' already exists (ID: 20120), skipping
2026/01/13 23:07:53 Line 168: User 'kwanyan16@gmail.com' already exists (ID: 20122), skipping
2026/01/13 23:07:53 Line 169: User 'rgilmore@hamiltonhills.org' already exists (ID: 20125), skipping
2026/01/13 23:07:53 Line 170: User 'newsboydave@gmail.com' already exists (ID: 20127), skipping
2026/01/13 23:07:53 Line 171: User 'hey_steve@hotmail.com' already exists (ID: 20129), skipping
2026/01/13 23:07:53 Line 172: User 'lynette.camara@gmail.com' already exists (ID: 20130), skipping
2026/01/13 23:07:53 Line 173: User 'rogerreddy@hotmail.com' already exists (ID: 20132), skipping
2026/01/13 23:07:53 Line 174: User 'luescher@media.mit.edu' already exists (ID: 20134), skipping
2026/01/13 23:07:53 Line 175: User 'dougewray@hotmail.com' already exists (ID: 20136), skipping
2026/01/13 23:07:53 Line 176: User 'nicholaspoonkeethoe@hotmail.com' already exists (ID: 20138), skipping
2026/01/13 23:07:53 Line 177: User 'makimant@gmail.com' already exists (ID: 20140), skipping
2026/01/13 23:07:53 Line 178: User 'marc@glaisner.com' already exists (ID: 20142), skipping
2026/01/13 23:07:53 Line 179: User 'kirandwi@gmail.com' already exists (ID: 20144), skipping
2026/01/13 23:07:53 Line 180: User 'touk@163.com' already exists (ID: 20146), skipping
2026/01/13 23:07:53 Line 181: User 'cpyang@neto.net' already exists (ID: 20148), skipping
2026/01/13 23:07:53 Line 182: User 'atenasio@gmail.com' already exists (ID: 20150), skipping
2026/01/13 23:07:53 Line 183: User 'q3lac@yahoo.com' already exists (ID: 20152), skipping
2026/01/13 23:07:53 Line 184: User 'mkinard2@gmail.com' already exists (ID: 20154), skipping
2026/01/13 23:07:53 Line 185: User 'helloakileung@gmail.com' already exists (ID: 20156), skipping
2026/01/13 23:07:53 Line 186: User 'ba.l.y.as.o.vkonst.an.tin.7.5@gmail.com' already exists (ID: 20158), skipping
2026/01/13 23:07:53 Line 187: User 'nathalie.lindvall@hotmail.se' already exists (ID: 20160), skipping
2026/01/13 23:07:53 Line 188: User 'rambourg.pierre@gmail.com' already exists (ID: 20162), skipping
2026/01/13 23:07:53 Line 189: User 'rlbasseras@gmail.com' already exists (ID: 20164), skipping
2026/01/13 23:07:53 Line 190: User 'lichuman68@gmail.com' already exists (ID: 20166), skipping
2026/01/13 23:07:53 Line 191: User 'sballtc6@aol.com' already exists (ID: 20168), skipping
2026/01/13 23:07:53 Line 192: User 'jadankoff@gmail.com' already exists (ID: 20170), skipping
2026/01/13 23:07:53 Line 193: User 'markjacobs317@hotmail.com' already exists (ID: 20172), skipping
2026/01/13 23:07:53 Line 194: User 'apadula88@gmail.com' already exists (ID: 20173), skipping
2026/01/13 23:07:53 Line 195: User 'ashleyrosekelly@gmail.com' already exists (ID: 20175), skipping
2026/01/13 23:07:53 Line 196: User 'aumails@gmail.com' already exists (ID: 20177), skipping
2026/01/13 23:07:53 Line 197: User 'wirelessdj@hmail.com' already exists (ID: 20179), skipping
2026/01/13 23:07:53 Line 198: User 'usuhucapa@asdfasdfmail.net' already exists (ID: 20181), skipping
2026/01/13 23:07:53 Line 199: User 'greg_getzan@yahoo.com' already exists (ID: 20183), skipping
2026/01/13 23:07:53 Line 200: User 'mark@socialhealthinsights.com' already exists (ID: 20186), skipping
2026/01/13 23:07:53 Line 201: User 'jandersonhome@gmail.com' already exists (ID: 20187), skipping
2026/01/13 23:07:53 Line 202: User 'michael.ferreyra@gmail.com' already exists (ID: 20189), skipping
2026/01/13 23:07:53 Line 203: User 'tatou2002-05@yahoo.fr' already exists (ID: 20191), skipping
2026/01/13 23:07:53 Line 204: User 'a.bielsa@libelium.com' already exists (ID: 20194), skipping
2026/01/13 23:07:53 Line 205: User 'ww7707@yahoo.com' already exists (ID: 20196), skipping
2026/01/13 23:07:53 Line 206: User 'gershon@media.mit.edu' already exists (ID: 20198), skipping
2026/01/13 23:07:53 Line 207: User 'diane.brown062@gmail.com' already exists (ID: 20201), skipping
2026/01/13 23:07:53 Line 208: User 'robbiethet@sasktel.net' already exists (ID: 20203), skipping
2026/01/13 23:07:53 Line 209: User 'whitney.hills@gmail.com' already exists (ID: 20205), skipping
2026/01/13 23:07:53 Line 210: User 'j.e.s.s.i.c.ato.m.pson.0.23@gmail.com' already exists (ID: 20207), skipping
2026/01/13 23:07:53 Line 211: User 'steve@opensiteplan.org' already exists (ID: 20209), skipping
2026/01/13 23:07:53 Line 212: Created user 'fluxehtipe1972@poczta.pl' (ID: 20212)
2026/01/13 23:07:53 Line 212: Linked existing uploads for external ID '1282'
2026/01/13 23:07:54 Line 212: Error sending email to 'fluxehtipe1972@poczta.pl': SMTP authentication failed: 454 4.7.0 Too many login attempts, please try again later. For more information,
4.7.0 go to
4.7.0  https://support.google.com/mail/answer/7126229 98e67ed59e1d1-3510680966csm65052a91.0 - gsmtp
2026/01/13 23:07:54 Line 213: User 'david.holstius@berkeley.edu' already exists (ID: 20213), skipping
2026/01/13 23:07:55 Line 214: Created user 'em11028@ns.kogakuin.ac.jp' (ID: 20214)
2026/01/13 23:07:55 Line 214: Linked existing uploads for external ID '116'
2026/01/13 23:07:56 Line 214: Error sending email to 'em11028@ns.kogakuin.ac.jp': SMTP authentication failed: 454 4.7.0 Too many login attempts, please try again later. For more information,
4.7.0 go to
4.7.0  https://support.google.com/mail/answer/7126229 d9443c01a7336-2a596365ce0sm691245ad.41 - gsmtp
2026/01/13 23:07:56 Line 215: User 'stuarthrodman@gmail.com' already exists (ID: 20215), skipping
2026/01/13 23:07:56 Line 216: Created user 'wills88@gmail.com' (ID: 20216)
2026/01/13 23:07:56 Line 216: Linked existing uploads for external ID '118'
2026/01/13 23:07:58 Line 216: Error sending email to 'wills88@gmail.com': SMTP authentication failed: 454 4.7.0 Too many login attempts, please try again later. For more information,
4.7.0 go to
4.7.0  https://support.google.com/mail/answer/7126229 41be03b00d2f7-c4cbf28faa9sm20157169a12.2 - gsmtp
2026/01/13 23:07:58 Line 217: User 'peiping.cheang@gmail.com' already exists (ID: 20218), skipping
2026/01/13 23:07:58 Line 218: Created user 'nancy.burgess@dtra.mil' (ID: 20219)
2026/01/13 23:07:58 Line 218: Linked existing uploads for external ID '120'
2026/01/13 23:07:59 Line 218: Error sending email to 'nancy.burgess@dtra.mil': SMTP authentication failed: 454 4.7.0 Too many login attempts, please try again later. For more information,
4.7.0 go to
4.7.0  https://support.google.com/mail/answer/7126229 41be03b00d2f7-c4cbf28f678sm20412338a12.3 - gsmtp
2026/01/13 23:07:59 Line 219: User 'yukoshiozaki@gmail.com' already exists (ID: 20220), skipping
2026/01/13 23:07:59 Line 220: Created user 'mirona_bv@yahoo.com' (ID: 20221)
2026/01/13 23:07:59 Line 220: Linked existing uploads for external ID '123'
2026/01/13 23:08:00 Line 220: Error sending email to 'mirona_bv@yahoo.com': SMTP authentication failed: 454 4.7.0 Too many login attempts, please try again later. For more information,
4.7.0 go to
4.7.0  https://support.google.com/mail/answer/7126229 d9443c01a7336-2a3e3c3a2eesm38521855ad.6 - gsmtp
2026/01/13 23:08:00 Line 221: User 'leichenhalle@msn.com' already exists (ID: 20222), skipping
2026/01/13 23:08:00 Line 222: Created user 'martin.boensch@gmail.com' (ID: 20223)
2026/01/13 23:08:00 Line 222: Linked existing uploads for external ID '127'
2026/01/13 23:08:02 Line 222: Error sending email to 'martin.boensch@gmail.com': SMTP authentication failed: 454 4.7.0 Too many login attempts, please try again later. For more information,
4.7.0 go to
4.7.0  https://support.google.com/mail/answer/7126229 d9443c01a7336-2a3e3c49037sm204469775ad.36 - gsmtp
2026/01/13 23:08:02 Line 223: User 'julius.hafalla@gmail.com' already exists (ID: 20224), skipping
2026/01/13 23:08:02 Line 224: Created user 'thamhin@hotmail.com' (ID: 20225)
2026/01/13 23:08:02 Line 224: Linked existing uploads for external ID '129'
2026/01/13 23:08:04 Line 224: Error sending email to 'thamhin@hotmail.com': SMTP authentication failed: 454 4.7.0 Too many login attempts, please try again later. For more information,
4.7.0 go to
4.7.0  https://support.google.com/mail/answer/7126229 41be03b00d2f7-c4cc05cd9d9sm21298358a12.16 - gsmtp
2026/01/13 23:08:04 Line 225: User 'mrbrucew@gmail.com' already exists (ID: 20226), skipping
2026/01/13 23:08:04 Line 226: Created user 'rsbusby@gmail.com' (ID: 20227)
2026/01/13 23:08:04 Line 226: Linked existing uploads for external ID '141'
2026/01/13 23:08:05 Line 226: Error sending email to 'rsbusby@gmail.com': SMTP authentication failed: 454 4.7.0 Too many login attempts, please try again later. For more information,
4.7.0 go to
4.7.0  https://support.google.com/mail/answer/7126229 d2e1a72fcca58-81e53361274sm11944905b3a.15 - gsmtp
2026/01/13 23:08:05 Line 227: User 'wjuliet1@umbc.edu' already exists (ID: 20228), skipping
2026/01/13 23:08:05 Line 228: Created user 'ljb-iii@charter.net' (ID: 20229)
2026/01/13 23:08:05 Line 228: Linked existing uploads for external ID '144'
2026/01/13 23:08:06 Line 228: Error sending email to 'ljb-iii@charter.net': SMTP authentication failed: 454 4.7.0 Too many login attempts, please try again later. For more information,
4.7.0 go to
4.7.0  https://support.google.com/mail/answer/7126229 d9443c01a7336-2a3e3c3a2eesm38524015ad.6 - gsmtp
2026/01/13 23:08:06 Line 229: User 'charliefox93@gmail.com' already exists (ID: 20230), skipping
2026/01/13 23:08:06 Line 230: Created user 'spooky.warrior@gmail.com' (ID: 20231)
2026/01/13 23:08:06 Line 230: Linked existing uploads for external ID '289'
2026/01/13 23:08:07 Line 230: Error sending email to 'spooky.warrior@gmail.com': SMTP authentication failed: 454 4.7.0 Too many login attempts, please try again later. For more information,
4.7.0 go to
4.7.0  https://support.google.com/mail/answer/7126229 d9443c01a7336-2a3e3cd4a41sm87048935ad.100 - gsmtp
2026/01/13 23:08:08 Line 231: Created user 'marevich@bigpond.net.au' (ID: 20232)
2026/01/13 23:08:08 Line 231: Linked existing uploads for external ID '149'
2026/01/13 23:08:09 Line 231: Error sending email to 'marevich@bigpond.net.au': SMTP authentication failed: 454 4.7.0 Too many login attempts, please try again later. For more information,
4.7.0 go to
4.7.0  https://support.google.com/mail/answer/7126229 98e67ed59e1d1-34f5fa947ecsm20305771a91.6 - gsmtp
2026/01/13 23:08:09 Line 232: User 'jtmcg@hotmail.com' already exists (ID: 20234), skipping
2026/01/13 23:08:09 Line 233: Error creating user 'emiliorvera1@live.com': ERROR: duplicate key value violates unique constraint "users_email_key" (SQLSTATE 23505)
2026/01/13 23:08:10 Line 234: Created user 'mv1g10@ecs.soton.ac.uk' (ID: 20237)
2026/01/13 23:08:10 Line 234: Linked existing uploads for external ID '152'
2026/01/13 23:08:11 Line 234: Error sending email to 'mv1g10@ecs.soton.ac.uk': SMTP authentication failed: 454 4.7.0 Too many login attempts, please try again later. For more information,
4.7.0 go to
4.7.0  https://support.google.com/mail/answer/7126229 41be03b00d2f7-c4cbfc2f481sm20020103a12.10 - gsmtp
2026/01/13 23:08:11 Line 235: User 'rhooper@snap.com.au' already exists (ID: 20238), skipping
2026/01/13 23:08:11 Line 236: Created user 'mamaknock@att.net' (ID: 20239)
2026/01/13 23:08:11 Line 236: Linked existing uploads for external ID '155'
2026/01/13 23:08:12 Line 236: Error sending email to 'mamaknock@att.net': SMTP authentication failed: 454 4.7.0 Too many login attempts, please try again later. For more information,
4.7.0 go to
4.7.0  https://support.google.com/mail/answer/7126229 d9443c01a7336-2a3e3c3a328sm200791295ad.4 - gsmtp
2026/01/13 23:08:13 Line 237: Created user 'ken.harmel@mail.caplan.jp' (ID: 20240)
2026/01/13 23:08:13 Line 237: Linked existing uploads for external ID '156'
2026/01/13 23:08:14 Line 237: Error sending email to 'ken.harmel@mail.caplan.jp': SMTP authentication failed: 454 4.7.0 Too many login attempts, please try again later. For more information,
4.7.0 go to
4.7.0  https://support.google.com/mail/answer/7126229 98e67ed59e1d1-3510680966csm65370a91.0 - gsmtp
2026/01/13 23:08:14 Line 238: User 'pat.free@hotmail.com' already exists (ID: 20242), skipping
2026/01/13 23:08:14 Line 239: Created user 'new@sgenomics.org' (ID: 20243)
2026/01/13 23:08:14 Line 239: Linked existing uploads for external ID '126'
2026/01/13 23:08:16 Line 239: Error sending email to 'new@sgenomics.org': SMTP authentication failed: 454 4.7.0 Too many login attempts, please try again later. For more information,
4.7.0 go to
4.7.0  https://support.google.com/mail/answer/7126229 98e67ed59e1d1-35106914b1esm52168a91.1 - gsmtp
2026/01/13 23:08:16 Line 240: User 'kodama.nif@gmail.com' already exists (ID: 20244), skipping
2026/01/13 23:08:16 Line 241: Error creating user 'forumm1@fastshipcialis.com': ERROR: duplicate key value violates unique constraint "users_email_key" (SQLSTATE 23505)
2026/01/13 23:08:17 Line 242: Created user 'scott.muston@arpansa.gov.au' (ID: 20247)
2026/01/13 23:08:17 Line 242: Linked existing uploads for external ID '1237'
2026/01/13 23:08:18 Line 242: Error sending email to 'scott.muston@arpansa.gov.au': SMTP authentication failed: 454 4.7.0 Too many login attempts, please try again later. For more information,
4.7.0 go to
4.7.0  https://support.google.com/mail/answer/7126229 d2e1a72fcca58-819bafe991dsm20643671b3a.16 - gsmtp
2026/01/13 23:08:18 Line 243: User 'discotech1892@gmail.com' already exists (ID: 20248), skipping
2026/01/13 23:08:18 Line 244: Created user 'steve@manypossibilities.net' (ID: 20249)
2026/01/13 23:08:18 Line 244: Linked existing uploads for external ID '1046'
2026/01/13 23:08:19 Line 244: Error sending email to 'steve@manypossibilities.net': SMTP authentication failed: 454 4.7.0 Too many login attempts, please try again later. For more information,
4.7.0 go to
4.7.0  https://support.google.com/mail/answer/7126229 98e67ed59e1d1-34f5f84ef1dsm20414070a91.0 - gsmtp
2026/01/13 23:08:19 Line 245: User 'rick@gta-ww.com' already exists (ID: 20250), skipping
2026/01/13 23:08:20 Line 246: Created user 'shaafici206@hotmail.com' (ID: 20251)
2026/01/13 23:08:20 Line 246: Linked existing uploads for external ID '1492'
2026/01/13 23:08:21 Line 246: Error sending email to 'shaafici206@hotmail.com': SMTP authentication failed: 454 4.7.0 Too many login attempts, please try again later. For more information,
4.7.0 go to
4.7.0  https://support.google.com/mail/answer/7126229 d9443c01a7336-2a3e3c3ae21sm199368245ad.7 - gsmtp
2026/01/13 23:08:21 Line 247: User 'atb3etxmq3w@mail.ru' already exists (ID: 20252), skipping
2026/01/13 23:08:21 Line 248: Created user 'm.eg.anla.rso.n0.6.6@gmail.com' (ID: 20253)
2026/01/13 23:08:21 Line 248: Linked existing uploads for external ID '1086'
2026/01/13 23:08:22 Line 248: Error sending email to 'm.eg.anla.rso.n0.6.6@gmail.com': SMTP authentication failed: 454 4.7.0 Too many login attempts, please try again later. For more information,
4.7.0 go to
4.7.0  https://support.google.com/mail/answer/7126229 98e67ed59e1d1-34f5f84ef1dsm20414141a91.0 - gsmtp
2026/01/13 23:08:22 Line 249: User 'auted140817@i.ua' already exists (ID: 20254), skipping
2026/01/13 23:08:22 Line 250: Created user 'rickching1@yahoo.com' (ID: 20255)
2026/01/13 23:08:22 Line 250: Linked existing uploads for external ID '178'
2026/01/13 23:08:23 Line 250: Error sending email to 'rickching1@yahoo.com': SMTP authentication failed: 454 4.7.0 Too many login attempts, please try again later. For more information,
4.7.0 go to
4.7.0  https://support.google.com/mail/answer/7126229 d9443c01a7336-2a58c158cc1sm22812375ad.24 - gsmtp
2026/01/13 23:08:24 Line 251: Created user 'giampaolopittau@katamail.com' (ID: 20256)
2026/01/13 23:08:24 Line 251: Linked existing uploads for external ID '179'
2026/01/13 23:08:25 Line 251: Error sending email to 'giampaolopittau@katamail.com': SMTP authentication failed: 454 4.7.0 Too many login attempts, please try again later. For more information,
4.7.0 go to
4.7.0  https://support.google.com/mail/answer/7126229 41be03b00d2f7-c4cc05cd9d9sm21299036a12.16 - gsmtp
2026/01/13 23:08:25 Line 252: User 'oceantrip@hotmail.com' already exists (ID: 20258), skipping
2026/01/13 23:08:25 Line 253: Error creating user 'richard.ozanich@pnnl.gov': ERROR: duplicate key value violates unique constraint "users_email_key" (SQLSTATE 23505)
2026/01/13 23:08:26 Line 254: Created user 'robinlow88@yahoo.com' (ID: 20261)
2026/01/13 23:08:26 Line 254: Linked existing uploads for external ID '182'
2026/01/13 23:08:27 Line 254: Error sending email to 'robinlow88@yahoo.com': SMTP authentication failed: 454 4.7.0 Too many login attempts, please try again later. For more information,
4.7.0 go to
4.7.0  https://support.google.com/mail/answer/7126229 d9443c01a7336-2a3e3cc8d81sm201690875ad.81 - gsmtp
2026/01/13 23:08:27 Line 255: User 'segroj@gmail.com' already exists (ID: 20262), skipping
2026/01/13 23:08:27 Line 256: Created user 'lipton.jonathan@gmail.com' (ID: 20263)
2026/01/13 23:08:27 Line 256: Linked existing uploads for external ID '184'
2026/01/13 23:08:28 Line 256: Error sending email to 'lipton.jonathan@gmail.com': SMTP authentication failed: 454 4.7.0 Too many login attempts, please try again later. For more information,
4.7.0 go to
4.7.0  https://support.google.com/mail/answer/7126229 41be03b00d2f7-c54972a5e67sm13354446a12.35 - gsmtp
2026/01/13 23:08:28 Line 257: User 'qkotuhg0ux1@mail.ru' already exists (ID: 20264), skipping
2026/01/13 23:08:29 Line 258: Created user 'mtheiraye@arcadia.edu' (ID: 20265)
2026/01/13 23:08:29 Line 258: Linked existing uploads for external ID '185'
2026/01/13 23:08:30 Line 258: Error sending email to 'mtheiraye@arcadia.edu': SMTP authentication failed: 454 4.7.0 Too many login attempts, please try again later. For more information,
4.7.0 go to
4.7.0  https://support.google.com/mail/answer/7126229 98e67ed59e1d1-34f5fb74436sm2835439a91.14 - gsmtp
2026/01/13 23:08:30 Line 259: User 'yokooikawa@hotmail.com' already exists (ID: 20266), skipping
2026/01/13 23:08:30 Line 260: Created user 'mariamazaypunto@gmail.com' (ID: 20267)
2026/01/13 23:08:30 Line 260: Linked existing uploads for external ID '187'
2026/01/13 23:08:31 Line 260: Error sending email to 'mariamazaypunto@gmail.com': SMTP authentication failed: 454 4.7.0 Too many login attempts, please try again later. For more information,
4.7.0 go to
4.7.0  https://support.google.com/mail/answer/7126229 98e67ed59e1d1-351067d3a05sm72412a91.1 - gsmtp
2026/01/13 23:08:31 Line 261: User 'ulisesmt@gmail.com' already exists (ID: 20268), skipping
2026/01/13 23:08:31 Line 262: Created user 'ng.carmen.hk@gmail.com' (ID: 20269)
2026/01/13 23:08:31 Line 262: Linked existing uploads for external ID '189'
2026/01/13 23:08:32 Line 262: Error sending email to 'ng.carmen.hk@gmail.com': SMTP authentication failed: 454 4.7.0 Too many login attempts, please try again later. For more information,
4.7.0 go to
4.7.0  https://support.google.com/mail/answer/7126229 d2e1a72fcca58-81dc51581e0sm12782949b3a.58 - gsmtp
2026/01/13 23:08:32 Line 263: Created user 'mari.maeda@gmail.com' (ID: 20270)
2026/01/13 23:08:32 Line 263: Linked existing uploads for external ID '190'
2026/01/13 23:08:34 Line 263: Error sending email to 'mari.maeda@gmail.com': SMTP authentication failed: 454 4.7.0 Too many login attempts, please try again later. For more information,
4.7.0 go to
4.7.0  https://support.google.com/mail/answer/7126229 41be03b00d2f7-c4cbfc2f481sm20020787a12.10 - gsmtp
2026/01/13 23:08:34 Line 264: User 'bpk@nothing.com' already exists (ID: 20272), skipping
2026/01/13 23:08:34 Line 265: Created user 'harryaki22@gmail.com' (ID: 20273)
2026/01/13 23:08:34 Line 265: Linked existing uploads for external ID '192'
2026/01/13 23:08:35 Line 265: Error sending email to 'harryaki22@gmail.com': SMTP authentication failed: 454 4.7.0 Too many login attempts, please try again later. For more information,
4.7.0 go to
4.7.0  https://support.google.com/mail/answer/7126229 d9443c01a7336-2a3e3c3a507sm200483785ad.3 - gsmtp
2026/01/13 23:08:35 Line 266: User 'yukifumiko@gmail.com' already exists (ID: 20274), skipping
2026/01/13 23:08:35 Line 267: Created user 'abzorba@gmail.com' (ID: 20275)
2026/01/13 23:08:35 Line 267: Linked existing uploads for external ID '194'
2026/01/13 23:08:36 Line 267: Error sending email to 'abzorba@gmail.com': SMTP authentication failed: 454 4.7.0 Too many login attempts, please try again later. For more information,
4.7.0 go to
4.7.0  https://support.google.com/mail/answer/7126229 98e67ed59e1d1-35106981b2dsm41306a91.11 - gsmtp
2026/01/13 23:08:36 Line 268: User 'kempersan@gmail.com' already exists (ID: 20276), skipping
2026/01/13 23:08:36 Line 269: Created user 'matterteleportal@gmail.com' (ID: 20277)
2026/01/13 23:08:36 Line 269: Linked existing uploads for external ID '196'
2026/01/13 23:08:37 Line 269: Error sending email to 'matterteleportal@gmail.com': SMTP authentication failed: 454 4.7.0 Too many login attempts, please try again later. For more information,
4.7.0 go to
4.7.0  https://support.google.com/mail/answer/7126229 d2e1a72fcca58-81f73c27d18sm2090341b3a.46 - gsmtp
2026/01/13 23:08:38 Line 270: Error creating user 'amansangal9@gmail.com': ERROR: duplicate key value violates unique constraint "users_email_key" (SQLSTATE 23505)
2026/01/13 23:08:38 Line 271: Created user 'rasta.mano@mail.ru' (ID: 20280)
2026/01/13 23:08:38 Line 271: Linked existing uploads for external ID '5017'
2026/01/13 23:08:39 Line 271: Error sending email to 'rasta.mano@mail.ru': SMTP authentication failed: 454 4.7.0 Too many login attempts, please try again later. For more information,
4.7.0 go to
4.7.0  https://support.google.com/mail/answer/7126229 d2e1a72fcca58-81f3af23fc1sm9585497b3a.60 - gsmtp
2026/01/13 23:08:39 Line 272: User 'sven.dokter@grs.de' already exists (ID: 20281), skipping
2026/01/13 23:08:40 Line 273: Created user 'jonbear23@yahoo.com' (ID: 20282)
2026/01/13 23:08:40 Line 273: Linked existing uploads for external ID '199'
2026/01/13 23:08:41 Line 273: Error sending email to 'jonbear23@yahoo.com': SMTP authentication failed: 454 4.7.0 Too many login attempts, please try again later. For more information,
4.7.0 go to
4.7.0  https://support.google.com/mail/answer/7126229 d9443c01a7336-2a3e3cd4bd8sm200926145ad.102 - gsmtp
2026/01/13 23:08:41 Line 274: User 'sadhu@gmx.de' already exists (ID: 20283), skipping
2026/01/13 23:08:41 Line 275: Created user 'whsze@me.com' (ID: 20284)
2026/01/13 23:08:41 Line 275: Linked existing uploads for external ID '201'
2026/01/13 23:08:42 Line 275: Error sending email to 'whsze@me.com': SMTP authentication failed: 454 4.7.0 Too many login attempts, please try again later. For more information,
4.7.0 go to
4.7.0  https://support.google.com/mail/answer/7126229 d2e1a72fcca58-81dc51581e0sm12783292b3a.58 - gsmtp
2026/01/13 23:08:42 Line 276: User 'pete-api.safecast@peterbenjamin.com' already exists (ID: 20285), skipping
2026/01/13 23:08:43 Line 277: Created user 'ssolomon@netspace.net.au' (ID: 20286)
2026/01/13 23:08:43 Line 277: Linked existing uploads for external ID '204'
2026/01/13 23:08:44 Line 277: Error sending email to 'ssolomon@netspace.net.au': SMTP authentication failed: 454 4.7.0 Too many login attempts, please try again later. For more information,
4.7.0 go to
4.7.0  https://support.google.com/mail/answer/7126229 98e67ed59e1d1-34f5fa78f4asm20309407a91.3 - gsmtp
2026/01/13 23:08:44 Line 278: User 'count-safecast@flatline.de' already exists (ID: 20287), skipping
2026/01/13 23:08:44 Line 279: Created user 'gandalf@ignore.net' (ID: 20288)
2026/01/13 23:08:44 Line 279: Linked existing uploads for external ID '208'
2026/01/13 23:08:46 Line 279: Error sending email to 'gandalf@ignore.net': SMTP authentication failed: 454 4.7.0 Too many login attempts, please try again later. For more information,
4.7.0 go to
4.7.0  https://support.google.com/mail/answer/7126229 d9443c01a7336-2a3e3cd4bd8sm200927805ad.102 - gsmtp
2026/01/13 23:08:46 Line 280: User 'fredrik@detectify.com' already exists (ID: 20289), skipping
2026/01/13 23:08:46 Line 281: Created user 'aibek.musaev@gmail.com' (ID: 20290)
2026/01/13 23:08:46 Line 281: Linked existing uploads for external ID '210'
2026/01/13 23:08:47 Line 281: Error sending email to 'aibek.musaev@gmail.com': SMTP authentication failed: 454 4.7.0 Too many login attempts, please try again later. For more information,
4.7.0 go to
4.7.0  https://support.google.com/mail/answer/7126229 d9443c01a7336-2a3e3cc8d76sm202325695ad.84 - gsmtp
2026/01/13 23:08:47 Line 282: User 'haiyan@gmail.com' already exists (ID: 20291), skipping
2026/01/13 23:08:47 Line 283: Created user 'houteng@gmail.com' (ID: 20292)
2026/01/13 23:08:47 Line 283: Linked existing uploads for external ID '294'
2026/01/13 23:08:48 Line 283: Error sending email to 'houteng@gmail.com': SMTP authentication failed: 454 4.7.0 Too many login attempts, please try again later. For more information,
4.7.0 go to
4.7.0  https://support.google.com/mail/answer/7126229 98e67ed59e1d1-34f5f7c4141sm20338984a91.6 - gsmtp
2026/01/13 23:08:48 Line 284: User 'marco-pellizzari@libero.it' already exists (ID: 20293), skipping
2026/01/13 23:08:49 Line 285: Created user 'art.burmeister@gmail.com' (ID: 20294)
2026/01/13 23:08:49 Line 285: Linked existing uploads for external ID '490'
2026/01/13 23:08:50 Line 285: Error sending email to 'art.burmeister@gmail.com': SMTP authentication failed: 454 4.7.0 Too many login attempts, please try again later. For more information,
4.7.0 go to
4.7.0  https://support.google.com/mail/answer/7126229 41be03b00d2f7-c4cbfe1ca24sm1351266a12.12 - gsmtp
2026/01/13 23:08:50 Line 286: User 'sjhphd@gmail.com' already exists (ID: 20295), skipping
2026/01/13 23:08:50 Line 287: Created user 'ntedwar@gmail.com' (ID: 20296)
2026/01/13 23:08:50 Line 287: Linked existing uploads for external ID '361'
2026/01/13 23:08:52 Line 287: Error sending email to 'ntedwar@gmail.com': SMTP authentication failed: 454 4.7.0 Too many login attempts, please try again later. For more information,
4.7.0 go to
4.7.0  https://support.google.com/mail/answer/7126229 98e67ed59e1d1-34f5fb64bfesm20486758a91.9 - gsmtp
2026/01/13 23:08:52 Line 288: User 'mikiya.inoue.sfslack@gmail.com' already exists (ID: 20297), skipping
2026/01/13 23:08:52 Line 289: Created user 'a.munakata@4digit.jp' (ID: 20298)
2026/01/13 23:08:52 Line 289: Linked existing uploads for external ID '526'
2026/01/13 23:08:54 Line 289: Error sending email to 'a.munakata@4digit.jp': SMTP authentication failed: 454 4.7.0 Too many login attempts, please try again later. For more information,
4.7.0 go to
4.7.0  https://support.google.com/mail/answer/7126229 d9443c01a7336-2a3e3c5ce06sm200349665ad.44 - gsmtp
2026/01/13 23:08:54 Line 290: User 'eddie@mviptv.com' already exists (ID: 20299), skipping
2026/01/13 23:08:54 Line 291: Created user '1inch-wallet@gmail.com' (ID: 20300)
2026/01/13 23:08:54 Line 291: Linked existing uploads for external ID '5280'
2026/01/13 23:08:56 Line 291: Error sending email to '1inch-wallet@gmail.com': SMTP authentication failed: 454 4.7.0 Too many login attempts, please try again later. For more information,
4.7.0 go to
4.7.0  https://support.google.com/mail/answer/7126229 d2e1a72fcca58-819bafe9b8dsm20563512b3a.22 - gsmtp
2026/01/13 23:08:56 Line 292: User 'h.tateno@i.softbank.jp' already exists (ID: 20302), skipping
2026/01/13 23:08:56 Line 293: Error creating user 'ryan@webllama.net': ERROR: duplicate key value violates unique constraint "users_email_key" (SQLSTATE 23505)
2026/01/13 23:08:56 Line 294: Created user 'mrsolarjim@gmail.com' (ID: 20305)
2026/01/13 23:08:56 Line 294: Linked existing uploads for external ID '287'
2026/01/13 23:08:58 Line 294: Error sending email to 'mrsolarjim@gmail.com': SMTP authentication failed: 454 4.7.0 Too many login attempts, please try again later. For more information,
4.7.0 go to
4.7.0  https://support.google.com/mail/answer/7126229 d9443c01a7336-2a3e3c48c0bsm22861665ad.31 - gsmtp
2026/01/13 23:08:58 Line 295: User 'paolarospigu@gmail.com' already exists (ID: 20306), skipping
2026/01/13 23:08:58 Line 296: Error creating user 'lindaspeel@gmail.com': ERROR: duplicate key value violates unique constraint "users_username_key" (SQLSTATE 23505)
2026/01/13 23:08:58 Line 297: Created user 'shevamilan@berkeley.edu' (ID: 20308)
2026/01/13 23:08:58 Line 297: Linked existing uploads for external ID '598'
2026/01/13 23:09:00 Line 297: Error sending email to 'shevamilan@berkeley.edu': SMTP authentication failed: 454 4.7.0 Too many login attempts, please try again later. For more information,
4.7.0 go to
4.7.0  https://support.google.com/mail/answer/7126229 41be03b00d2f7-c59b0bf72afsm8032401a12.28 - gsmtp
2026/01/13 23:09:00 Line 298: User 'toddiam@gmail.com' already exists (ID: 20310), skipping
2026/01/13 23:09:00 Line 299: Created user 'admin@ddfx.org' (ID: 20311)
2026/01/13 23:09:00 Line 299: Linked existing uploads for external ID '285'
2026/01/13 23:09:01 Line 299: Error sending email to 'admin@ddfx.org': SMTP authentication failed: 454 4.7.0 Too many login attempts, please try again later. For more information,
4.7.0 go to
4.7.0  https://support.google.com/mail/answer/7126229 41be03b00d2f7-c4cbfe1ca24sm1351568a12.12 - gsmtp
2026/01/13 23:09:01 Line 300: User 'edouard@lafargue.name' already exists (ID: 20312), skipping
2026/01/13 23:09:01 Line 301: Created user 'brandlpx@aol.com' (ID: 20313)
2026/01/13 23:09:01 Line 301: Linked existing uploads for external ID '982'
2026/01/13 23:09:03 Line 301: Error sending email to 'brandlpx@aol.com': SMTP authentication failed: 454 4.7.0 Too many login attempts, please try again later. For more information,
4.7.0 go to
4.7.0  https://support.google.com/mail/answer/7126229 98e67ed59e1d1-34f5fb7442asm20311122a91.15 - gsmtp
2026/01/13 23:09:03 Line 302: User 'documentingian@gmail.com' already exists (ID: 20314), skipping
2026/01/13 23:09:03 Line 303: Created user 'distributedsensorweb@gmail.com' (ID: 20315)
2026/01/13 23:09:03 Line 303: Linked existing uploads for external ID '83'
2026/01/13 23:09:05 Line 303: Error sending email to 'distributedsensorweb@gmail.com': SMTP authentication failed: 454 4.7.0 Too many login attempts, please try again later. For more information,
4.7.0 go to
4.7.0  https://support.google.com/mail/answer/7126229 d9443c01a7336-2a3e3c47390sm202787265ad.25 - gsmtp
2026/01/13 23:09:05 Line 304: User 'humphraa@gmail.com' already exists (ID: 20317), skipping
2026/01/13 23:09:05 Line 305: Created user 'e.strickland@ieee.org' (ID: 20318)
2026/01/13 23:09:05 Line 305: Linked existing uploads for external ID '364'
2026/01/13 23:09:06 Line 305: Error sending email to 'e.strickland@ieee.org': SMTP authentication failed: 454 4.7.0 Too many login attempts, please try again later. For more information,
4.7.0 go to
4.7.0  https://support.google.com/mail/answer/7126229 d2e1a72fcca58-81e8e7630d0sm11850727b3a.13 - gsmtp
2026/01/13 23:09:06 Line 306: User 'lyle.firth@gmail.com' already exists (ID: 20319), skipping
2026/01/13 23:09:07 Line 307: Error creating user 'mike@thirdplateau.com': ERROR: duplicate key value violates unique constraint "users_email_key" (SQLSTATE 23505)
2026/01/13 23:09:07 Line 308: Created user 'binsterism@gmail.com' (ID: 20322)
2026/01/13 23:09:07 Line 308: Linked existing uploads for external ID '369'
2026/01/13 23:09:08 Line 308: Error sending email to 'binsterism@gmail.com': SMTP authentication failed: 454 4.7.0 Too many login attempts, please try again later. For more information,
4.7.0 go to
4.7.0  https://support.google.com/mail/answer/7126229 98e67ed59e1d1-34f5fb64d7asm19944982a91.11 - gsmtp
2026/01/13 23:09:08 Line 309: User 'sato365@gmail.com' already exists (ID: 20323), skipping
2026/01/13 23:09:08 Line 310: Created user 'lvybclce@equipmentmail.ga' (ID: 20324)
2026/01/13 23:09:08 Line 310: Linked existing uploads for external ID '5153'
2026/01/13 23:09:10 Line 310: Error sending email to 'lvybclce@equipmentmail.ga': SMTP authentication failed: 454 4.7.0 Too many login attempts, please try again later. For more information,
4.7.0 go to
4.7.0  https://support.google.com/mail/answer/7126229 41be03b00d2f7-c4cc8d2952dsm7593933a12.17 - gsmtp
2026/01/13 23:09:10 Line 311: User 'stevanvanderwelt@yahoo.de' already exists (ID: 20325), skipping
2026/01/13 23:09:10 Line 312: Created user 'vincentcroayne@gmail.com' (ID: 20326)
2026/01/13 23:09:10 Line 312: Linked existing uploads for external ID '1747'
2026/01/13 23:09:12 Line 312: Error sending email to 'vincentcroayne@gmail.com': SMTP authentication failed: 454 4.7.0 Too many login attempts, please try again later. For more information,
4.7.0 go to
4.7.0  https://support.google.com/mail/answer/7126229 d2e1a72fcca58-819baa195e5sm153012b3a.3 - gsmtp
2026/01/13 23:09:12 Line 313: User 'asn@cryptomilk.org' already exists (ID: 20327), skipping
2026/01/13 23:09:12 Line 314: Created user 'engineersrus@sbcglobal.net' (ID: 20328)
2026/01/13 23:09:12 Line 314: Linked existing uploads for external ID '385'
2026/01/13 23:09:13 Line 314: Error sending email to 'engineersrus@sbcglobal.net': SMTP authentication failed: 454 4.7.0 Too many login attempts, please try again later. For more information,
4.7.0 go to
4.7.0  https://support.google.com/mail/answer/7126229 d9443c01a7336-2a3e3cd4bd8sm200936425ad.102 - gsmtp
2026/01/13 23:09:13 Line 315: User 'canaday@uchicago.edu' already exists (ID: 20329), skipping
2026/01/13 23:09:14 Line 316: Created user 'greg@foodrev.org' (ID: 20330)
2026/01/13 23:09:14 Line 316: Linked existing uploads for external ID '962'
2026/01/13 23:09:15 Line 316: Error sending email to 'greg@foodrev.org': SMTP authentication failed: 454 4.7.0 Too many login attempts, please try again later. For more information,
4.7.0 go to
4.7.0  https://support.google.com/mail/answer/7126229 41be03b00d2f7-c4cc8d2952dsm7594092a12.17 - gsmtp
2026/01/13 23:09:15 Line 317: User 'catherine_tanner@hotmail.com' already exists (ID: 20331), skipping
2026/01/13 23:09:15 Line 318: Created user 'seegem@me.com' (ID: 20332)
2026/01/13 23:09:15 Line 318: Linked existing uploads for external ID '367'
2026/01/13 23:09:16 Line 318: Error sending email to 'seegem@me.com': SMTP authentication failed: 454 4.7.0 Too many login attempts, please try again later. For more information,
4.7.0 go to
4.7.0  https://support.google.com/mail/answer/7126229 d2e1a72fcca58-81e5d129d41sm12065074b3a.67 - gsmtp
2026/01/13 23:09:17 Line 319: Created user 'ikedashingo@gmail.com' (ID: 20333)
2026/01/13 23:09:17 Line 319: Linked existing uploads for external ID '371'
2026/01/13 23:09:18 Line 319: Error sending email to 'ikedashingo@gmail.com': SMTP authentication failed: 454 4.7.0 Too many login attempts, please try again later. For more information,
4.7.0 go to
4.7.0  https://support.google.com/mail/answer/7126229 d2e1a72fcca58-81ce881512asm5114003b3a.19 - gsmtp
2026/01/13 23:09:18 Line 320: User 'kahemelejacob@gmail.com' already exists (ID: 20335), skipping
2026/01/13 23:09:18 Line 321: Created user 'swoody13x@aol.com' (ID: 20336)
2026/01/13 23:09:18 Line 321: Linked existing uploads for external ID '502'
2026/01/13 23:09:19 Line 321: Error sending email to 'swoody13x@aol.com': SMTP authentication failed: 454 4.7.0 Too many login attempts, please try again later. For more information,
4.7.0 go to
4.7.0  https://support.google.com/mail/answer/7126229 d9443c01a7336-2a3e3cc8803sm203095185ad.71 - gsmtp
2026/01/13 23:09:19 Line 322: User 'schmittendorf@gmx.de' already exists (ID: 20337), skipping
2026/01/13 23:09:20 Line 323: Error creating user 'ianfairlie@gmail.com': ERROR: duplicate key value violates unique constraint "users_email_key" (SQLSTATE 23505)
2026/01/13 23:09:20 Line 324: Created user 'nielsen.jakob@hotmail.com' (ID: 20340)
2026/01/13 23:09:20 Line 324: Linked existing uploads for external ID '407'
2026/01/13 23:09:21 Line 324: Error sending email to 'nielsen.jakob@hotmail.com': SMTP authentication failed: 454 4.7.0 Too many login attempts, please try again later. For more information,
4.7.0 go to
4.7.0  https://support.google.com/mail/answer/7126229 d2e1a72fcca58-81e150d6bf0sm12417632b3a.26 - gsmtp
2026/01/13 23:09:21 Line 325: User 'kanakaoomaunawili@gmail.com' already exists (ID: 20341), skipping
2026/01/13 23:09:22 Line 326: Created user 'jackie.trandt@gmail.com' (ID: 20342)
2026/01/13 23:09:22 Line 326: Linked existing uploads for external ID '380'
2026/01/13 23:09:23 Line 326: Error sending email to 'jackie.trandt@gmail.com': SMTP authentication failed: 454 4.7.0 Too many login attempts, please try again later. For more information,
4.7.0 go to
4.7.0  https://support.google.com/mail/answer/7126229 d2e1a72fcca58-81f3cae7e7esm9610340b3a.44 - gsmtp
2026/01/13 23:09:23 Line 327: User 'curtiswpaul@hotmail.com' already exists (ID: 20343), skipping
2026/01/13 23:09:23 Line 328: Created user 'schwarzcomputer.de@realmee.co.in' (ID: 20344)
2026/01/13 23:09:23 Line 328: Linked existing uploads for external ID '3148'
2026/01/13 23:09:24 Line 328: Error sending email to 'schwarzcomputer.de@realmee.co.in': SMTP authentication failed: 454 4.7.0 Too many login attempts, please try again later. For more information,
4.7.0 go to
4.7.0  https://support.google.com/mail/answer/7126229 d9443c01a7336-2a3e3cb2c0fsm203905085ad.66 - gsmtp
2026/01/13 23:09:24 Line 329: User 'dongpo.deng@gmail.com' already exists (ID: 20345), skipping
2026/01/13 23:09:24 Line 330: Created user 'joseph.george@vice.com' (ID: 20346)
2026/01/13 23:09:24 Line 330: Linked existing uploads for external ID '398'
2026/01/13 23:09:26 Line 330: Error sending email to 'joseph.george@vice.com': SMTP authentication failed: 454 4.7.0 Too many login attempts, please try again later. For more information,
4.7.0 go to
4.7.0  https://support.google.com/mail/answer/7126229 41be03b00d2f7-c4cbf28ebe4sm20415252a12.4 - gsmtp
2026/01/13 23:09:26 Line 331: User 'tcochran@nrdc.org' already exists (ID: 20347), skipping
2026/01/13 23:09:26 Line 332: Created user 'ustoehlker@yahoo.de' (ID: 20348)
2026/01/13 23:09:26 Line 332: Linked existing uploads for external ID '1348'
2026/01/13 23:09:28 Line 332: Error sending email to 'ustoehlker@yahoo.de': SMTP authentication failed: 454 4.7.0 Too many login attempts, please try again later. For more information,
4.7.0 go to
4.7.0  https://support.google.com/mail/answer/7126229 d2e1a72fcca58-81ce881512asm5114328b3a.19 - gsmtp
2026/01/13 23:09:28 Line 333: User 'tokestermw@gmail.com' already exists (ID: 20349), skipping
2026/01/13 23:09:28 Line 334: Created user 'hkkclo@gmail.com' (ID: 20350)
2026/01/13 23:09:28 Line 334: Linked existing uploads for external ID '1403'
2026/01/13 23:09:29 Line 334: Error sending email to 'hkkclo@gmail.com': SMTP authentication failed: 454 4.7.0 Too many login attempts, please try again later. For more information,
4.7.0 go to
4.7.0  https://support.google.com/mail/answer/7126229 d2e1a72fcca58-81f44a94e98sm5486637b3a.69 - gsmtp
2026/01/13 23:09:29 Line 335: Created user 'kanfujimura@gmail.com' (ID: 20351)
2026/01/13 23:09:29 Line 335: Linked existing uploads for external ID '391'
2026/01/13 23:09:31 Line 335: Error sending email to 'kanfujimura@gmail.com': SMTP authentication failed: 454 4.7.0 Too many login attempts, please try again later. For more information,
4.7.0 go to
4.7.0  https://support.google.com/mail/answer/7126229 98e67ed59e1d1-34f5fb7419csm20477583a91.13 - gsmtp
2026/01/13 23:09:31 Line 336: User 'kristo@boelsphotography.be' already exists (ID: 20353), skipping
2026/01/13 23:09:31 Line 337: Created user 'insgraph.kevin@gmail.com' (ID: 20354)
2026/01/13 23:09:31 Line 337: Linked existing uploads for external ID '394'
2026/01/13 23:09:32 Line 337: Error sending email to 'insgraph.kevin@gmail.com': SMTP authentication failed: 454 4.7.0 Too many login attempts, please try again later. For more information,
4.7.0 go to
4.7.0  https://support.google.com/mail/answer/7126229 98e67ed59e1d1-34f5fb9a45dsm20538598a91.17 - gsmtp
2026/01/13 23:09:33 Line 338: Error creating user 'mobildetroit@yahoo.com': ERROR: duplicate key value violates unique constraint "users_username_key" (SQLSTATE 23505)
2026/01/13 23:09:33 Line 339: User 'yikiho21@gmail.com' already exists (ID: 20356), skipping
2026/01/13 23:09:33 Line 340: Created user 'davidcostello273@yahoo.com' (ID: 20358)
2026/01/13 23:09:33 Line 340: Linked existing uploads for external ID '1771'
2026/01/13 23:09:34 Line 340: Error sending email to 'davidcostello273@yahoo.com': SMTP authentication failed: 454 4.7.0 Too many login attempts, please try again later. For more information,
4.7.0 go to
4.7.0  https://support.google.com/mail/answer/7126229 98e67ed59e1d1-34f5f7c6f4dsm20463458a91.8 - gsmtp
2026/01/13 23:09:34 Line 341: User 'fiona_123@live.de' already exists (ID: 20359), skipping
2026/01/13 23:09:34 Line 342: Error creating user 'summey2967@yahoo.com': ERROR: duplicate key value violates unique constraint "users_email_key" (SQLSTATE 23505)
2026/01/13 23:09:35 Line 343: Created user 'hourglass2063@gmail.com' (ID: 20362)
2026/01/13 23:09:35 Line 343: Linked existing uploads for external ID '762'
2026/01/13 23:09:36 Line 343: Error sending email to 'hourglass2063@gmail.com': SMTP authentication failed: 454 4.7.0 Too many login attempts, please try again later. For more information,
4.7.0 go to
4.7.0  https://support.google.com/mail/answer/7126229 d2e1a72fcca58-81e8e7630d0sm11851725b3a.13 - gsmtp
2026/01/13 23:09:36 Line 344: Created user 'scoa1106tamika@gmail.com' (ID: 20363)
2026/01/13 23:09:36 Line 344: Linked existing uploads for external ID '388'
2026/01/13 23:09:37 Line 344: Error sending email to 'scoa1106tamika@gmail.com': SMTP authentication failed: 454 4.7.0 Too many login attempts, please try again later. For more information,
4.7.0 go to
4.7.0  https://support.google.com/mail/answer/7126229 d9443c01a7336-2a3e3cb2b4dsm207048595ad.54 - gsmtp
2026/01/13 23:09:37 Line 345: User 's.tep.h.an.i.e.k.eys.00.3@gmail.com' already exists (ID: 20365), skipping
2026/01/13 23:09:37 Line 346: Created user 'mead.rose@yahoo.com' (ID: 20366)
2026/01/13 23:09:37 Line 346: Linked existing uploads for external ID '392'
2026/01/13 23:09:39 Line 346: Error sending email to 'mead.rose@yahoo.com': SMTP authentication failed: 454 4.7.0 Too many login attempts, please try again later. For more information,
4.7.0 go to
4.7.0  https://support.google.com/mail/answer/7126229 98e67ed59e1d1-34f5f7c4118sm19995621a91.7 - gsmtp
2026/01/13 23:09:39 Line 347: User 'ewan@wispayr.online' already exists (ID: 20367), skipping
2026/01/13 23:09:39 Line 348: Error creating user 'stepntr@gmail.com': ERROR: duplicate key value violates unique constraint "users_username_key" (SQLSTATE 23505)
2026/01/13 23:09:39 Line 349: Created user 'tauntoncustomer@comcast.net' (ID: 20369)
2026/01/13 23:09:39 Line 349: Linked existing uploads for external ID '446'
2026/01/13 23:09:41 Line 349: Error sending email to 'tauntoncustomer@comcast.net': SMTP authentication failed: 454 4.7.0 Too many login attempts, please try again later. For more information,
4.7.0 go to
4.7.0  https://support.google.com/mail/answer/7126229 41be03b00d2f7-c4cc05cd87asm20201104a12.15 - gsmtp
2026/01/13 23:09:41 Line 350: User 'iyc.kyoto@gmail.com' already exists (ID: 20371), skipping
2026/01/13 23:09:41 Line 351: Created user 'k_k_japan@hotmail.com' (ID: 20372)
2026/01/13 23:09:41 Line 351: Linked existing uploads for external ID '390'
2026/01/13 23:09:42 Line 351: Error sending email to 'k_k_japan@hotmail.com': SMTP authentication failed: 454 4.7.0 Too many login attempts, please try again later. For more information,
4.7.0 go to
4.7.0  https://support.google.com/mail/answer/7126229 d9443c01a7336-2a3e3cd4401sm205872035ad.92 - gsmtp
2026/01/13 23:09:42 Line 352: User 'dalepotz@gmail.com' already exists (ID: 20373), skipping
2026/01/13 23:09:43 Line 353: Created user 'pj@bind.com' (ID: 20374)
2026/01/13 23:09:43 Line 353: Linked existing uploads for external ID '396'
2026/01/13 23:09:44 Line 353: Error sending email to 'pj@bind.com': SMTP authentication failed: 454 4.7.0 Too many login attempts, please try again later. For more information,
4.7.0 go to
4.7.0  https://support.google.com/mail/answer/7126229 d2e1a72fcca58-81e7cdaa87bsm11745135b3a.17 - gsmtp
2026/01/13 23:09:44 Line 354: User 'ev@radi.ws' already exists (ID: 20375), skipping
2026/01/13 23:09:45 Line 355: Error creating user 'markew@princeton.edu': ERROR: duplicate key value violates unique constraint "users_email_key" (SQLSTATE 23505)
2026/01/13 23:09:45 Line 356: Created user 'm_v_ramana@yahoo.com' (ID: 20378)
2026/01/13 23:09:45 Line 356: Linked existing uploads for external ID '517'
2026/01/13 23:09:46 Line 356: Error sending email to 'm_v_ramana@yahoo.com': SMTP authentication failed: 454 4.7.0 Too many login attempts, please try again later. For more information,
4.7.0 go to
4.7.0  https://support.google.com/mail/answer/7126229 d9443c01a7336-2a3e3c3a507sm200507725ad.3 - gsmtp
2026/01/13 23:09:46 Line 357: Created user 'sric.chris@earthlink.net' (ID: 20379)
2026/01/13 23:09:46 Line 357: Linked existing uploads for external ID '521'
2026/01/13 23:09:48 Line 357: Error sending email to 'sric.chris@earthlink.net': SMTP authentication failed: 454 4.7.0 Too many login attempts, please try again later. For more information,
4.7.0 go to
4.7.0  https://support.google.com/mail/answer/7126229 98e67ed59e1d1-34f5fa7820fsm19995497a91.2 - gsmtp
2026/01/13 23:09:48 Line 358: User 'yuka.uchida@vice.com' already exists (ID: 20381), skipping
2026/01/13 23:09:48 Line 359: Error creating user 'safecast@sufficiently.com': ERROR: duplicate key value violates unique constraint "users_email_key" (SQLSTATE 23505)
2026/01/13 23:09:48 Line 360: Created user 'peter@c-10.org' (ID: 20384)
2026/01/13 23:09:48 Line 360: Linked existing uploads for external ID '518'
2026/01/13 23:09:49 Line 360: Error sending email to 'peter@c-10.org': SMTP authentication failed: 454 4.7.0 Too many login attempts, please try again later. For more information,
4.7.0 go to
4.7.0  https://support.google.com/mail/answer/7126229 d9443c01a7336-2a3e3cb2de0sm205108745ad.50 - gsmtp
2026/01/13 23:09:50 Line 361: Created user 'y.jack.1027@gmail.com' (ID: 20385)
2026/01/13 23:09:50 Line 361: Linked existing uploads for external ID '411'
2026/01/13 23:09:51 Line 361: Error sending email to 'y.jack.1027@gmail.com': SMTP authentication failed: 454 4.7.0 Too many login attempts, please try again later. For more information,
4.7.0 go to
4.7.0  https://support.google.com/mail/answer/7126229 98e67ed59e1d1-34f5fa78f4asm20311523a91.3 - gsmtp
2026/01/13 23:09:51 Line 362: User 'orapin@medcom.com' already exists (ID: 20387), skipping
2026/01/13 23:09:51 Line 363: Error creating user 'ayu126@gmail.com': ERROR: duplicate key value violates unique constraint "users_username_key" (SQLSTATE 23505)
2026/01/13 23:09:52 Line 364: Error creating user 'gfettus@nrdc.org': ERROR: duplicate key value violates unique constraint "users_email_key" (SQLSTATE 23505)
2026/01/13 23:09:52 Line 365: Created user 'akao42@gmail.com' (ID: 20392)
2026/01/13 23:09:52 Line 365: Linked existing uploads for external ID '418'
2026/01/13 23:09:53 Line 365: Error sending email to 'akao42@gmail.com': SMTP authentication failed: 454 4.7.0 Too many login attempts, please try again later. For more information,
4.7.0 go to
4.7.0  https://support.google.com/mail/answer/7126229 d2e1a72fcca58-81f421174f2sm9153503b3a.1 - gsmtp
2026/01/13 23:09:53 Line 366: User 'thierry.adloff@laposte.net' already exists (ID: 20393), skipping
2026/01/13 23:09:53 Line 367: Created user 'methuedesuza@gmail.com' (ID: 20394)
2026/01/13 23:09:53 Line 367: Linked existing uploads for external ID '5158'
2026/01/13 23:09:55 Line 367: Error sending email to 'methuedesuza@gmail.com': SMTP authentication failed: 454 4.7.0 Too many login attempts, please try again later. For more information,
4.7.0 go to
4.7.0  https://support.google.com/mail/answer/7126229 98e67ed59e1d1-3510680966csm66702a91.0 - gsmtp
2026/01/13 23:09:55 Line 368: User 'zertyter@gmail.com' already exists (ID: 20395), skipping
2026/01/13 23:09:55 Line 369: Created user 'dmowb@hotmail.com' (ID: 20396)
2026/01/13 23:09:55 Line 369: Linked existing uploads for external ID '416'
2026/01/13 23:09:57 Line 369: Error sending email to 'dmowb@hotmail.com': SMTP authentication failed: 454 4.7.0 Too many login attempts, please try again later. For more information,
4.7.0 go to
4.7.0  https://support.google.com/mail/answer/7126229 41be03b00d2f7-c4cbf28faa9sm20160706a12.2 - gsmtp
2026/01/13 23:09:57 Line 370: User 'philip.leblique@orange.fr' already exists (ID: 20397), skipping
2026/01/13 23:09:57 Line 371: Created user 'dark-angel84@hotmail.de' (ID: 20398)
2026/01/13 23:09:57 Line 371: Linked existing uploads for external ID '2122'
2026/01/13 23:09:59 Line 371: Error sending email to 'dark-angel84@hotmail.de': SMTP authentication failed: 454 4.7.0 Too many login attempts, please try again later. For more information,
4.7.0 go to
4.7.0  https://support.google.com/mail/answer/7126229 d2e1a72fcca58-819c59e8010sm21156966b3a.52 - gsmtp
2026/01/13 23:09:59 Line 372: User 'william.lorenzen@childrens.harvard.edu' already exists (ID: 20399), skipping
2026/01/13 23:09:59 Line 373: Created user 'maryo@nirs.org' (ID: 20400)
2026/01/13 23:09:59 Line 373: Linked existing uploads for external ID '516'
2026/01/13 23:10:01 Line 373: Error sending email to 'maryo@nirs.org': SMTP authentication failed: 454 4.7.0 Too many login attempts, please try again later. For more information,
4.7.0 go to
4.7.0  https://support.google.com/mail/answer/7126229 d9443c01a7336-2a3e3c3a512sm206219915ad.10 - gsmtp
2026/01/13 23:10:01 Line 374: User 'spring900@gmail.com' already exists (ID: 20401), skipping
2026/01/13 23:10:01 Line 375: Created user 'super.tabac2014@yandex.ru' (ID: 20402)
2026/01/13 23:10:01 Line 375: Linked existing uploads for external ID '769'
2026/01/13 23:10:02 Line 375: Error sending email to 'super.tabac2014@yandex.ru': SMTP authentication failed: 454 4.7.0 Too many login attempts, please try again later. For more information,
4.7.0 go to
4.7.0  https://support.google.com/mail/answer/7126229 d9443c01a7336-2a3e3c3a51dsm205913145ad.18 - gsmtp
2026/01/13 23:10:02 Line 376: User 'lucianosperandio83@gmial.com' already exists (ID: 20403), skipping
2026/01/13 23:10:02 Line 377: Created user 'daniel.blumenthal@nnsa.doe.gov' (ID: 20404)
2026/01/13 23:10:02 Line 377: Linked existing uploads for external ID '512'
2026/01/13 23:10:03 Line 377: Error sending email to 'daniel.blumenthal@nnsa.doe.gov': SMTP authentication failed: 454 4.7.0 Too many login attempts, please try again later. For more information,
4.7.0 go to
4.7.0  https://support.google.com/mail/answer/7126229 d2e1a72fcca58-81d87955bb6sm13749579b3a.50 - gsmtp
2026/01/13 23:10:03 Line 378: User 'jesse@cashmusic.org' already exists (ID: 20405), skipping
2026/01/13 23:10:04 Line 379: Created user 'chanson@nrdc.org' (ID: 20406)
2026/01/13 23:10:04 Line 379: Linked existing uploads for external ID '508'
2026/01/13 23:10:05 Line 379: Error sending email to 'chanson@nrdc.org': SMTP authentication failed: 454 4.7.0 Too many login attempts, please try again later. For more information,
4.7.0 go to
4.7.0  https://support.google.com/mail/answer/7126229 41be03b00d2f7-c59b0bf72afsm8034506a12.28 - gsmtp
2026/01/13 23:10:05 Line 380: User 'davidl@softintel.com' already exists (ID: 20407), skipping
2026/01/13 23:10:05 Line 381: Created user 'hugues.langlois@etsmtl.ca' (ID: 20408)
2026/01/13 23:10:05 Line 381: Linked existing uploads for external ID '851'
2026/01/13 23:10:07 Line 381: Error sending email to 'hugues.langlois@etsmtl.ca': SMTP authentication failed: 454 4.7.0 Too many login attempts, please try again later. For more information,
4.7.0 go to
4.7.0  https://support.google.com/mail/answer/7126229 d2e1a72fcca58-819bafe9b8dsm20566013b3a.22 - gsmtp
2026/01/13 23:10:07 Line 382: User 'iyok@deadmediafm.org' already exists (ID: 20409), skipping
2026/01/13 23:10:07 Line 383: Created user 'charmaine.chw2005@gmail.com' (ID: 20410)
2026/01/13 23:10:07 Line 383: Linked existing uploads for external ID '930'
2026/01/13 23:10:09 Line 383: Error sending email to 'charmaine.chw2005@gmail.com': SMTP authentication failed: 454 4.7.0 Too many login attempts, please try again later. For more information,
4.7.0 go to
4.7.0  https://support.google.com/mail/answer/7126229 98e67ed59e1d1-34f5f8b0d7esm20290068a91.16 - gsmtp
2026/01/13 23:10:09 Line 384: User 'bernice.johnson@comcast.net' already exists (ID: 20411), skipping
2026/01/13 23:10:09 Line 385: Created user 'auv0eg39k@bitrixmail.tk' (ID: 20412)
2026/01/13 23:10:09 Line 385: Linked existing uploads for external ID '897'
2026/01/13 23:10:11 Line 385: Error sending email to 'auv0eg39k@bitrixmail.tk': SMTP authentication failed: 454 4.7.0 Too many login attempts, please try again later. For more information,
4.7.0 go to
4.7.0  https://support.google.com/mail/answer/7126229 d2e1a72fcca58-819bafe991dsm20647697b3a.16 - gsmtp
2026/01/13 23:10:11 Line 386: User 'jim.riccio@greenpeace.org' already exists (ID: 20413), skipping
2026/01/13 23:10:11 Line 387: Created user 'laurent.em@free.fr' (ID: 20414)
2026/01/13 23:10:11 Line 387: Linked existing uploads for external ID '858'
2026/01/13 23:10:13 Line 387: Error sending email to 'laurent.em@free.fr': SMTP authentication failed: 454 4.7.0 Too many login attempts, please try again later. For more information,
4.7.0 go to
4.7.0  https://support.google.com/mail/answer/7126229 41be03b00d2f7-c4cbfc2f476sm6374337a12.8 - gsmtp
2026/01/13 23:10:13 Line 388: User 'rollin.marc+safecast@gmail.com' already exists (ID: 20415), skipping
2026/01/13 23:10:13 Line 389: Created user 'jkonline1331@gmail.com' (ID: 20416)
2026/01/13 23:10:13 Line 389: Linked existing uploads for external ID '492'
2026/01/13 23:10:14 Line 389: Error sending email to 'jkonline1331@gmail.com': SMTP authentication failed: 454 4.7.0 Too many login attempts, please try again later. For more information,
4.7.0 go to
4.7.0  https://support.google.com/mail/answer/7126229 d2e1a72fcca58-819bafe991dsm20647842b3a.16 - gsmtp
2026/01/13 23:10:14 Line 390: User 'lukesa@nv.doe.gov' already exists (ID: 20417), skipping
2026/01/13 23:10:15 Line 391: Created user 'cyrille.mdc@gmail.com' (ID: 20418)
2026/01/13 23:10:15 Line 391: Linked existing uploads for external ID '496'
2026/01/13 23:10:16 Line 391: Error sending email to 'cyrille.mdc@gmail.com': SMTP authentication failed: 454 4.7.0 Too many login attempts, please try again later. For more information,
4.7.0 go to
4.7.0  https://support.google.com/mail/answer/7126229 d9443c01a7336-2a3e3c48be5sm204843845ad.30 - gsmtp
2026/01/13 23:10:16 Line 392: User 'hnloutreach.nova@gmail.com' already exists (ID: 20419), skipping
2026/01/13 23:10:16 Line 393: Error creating user 'iukesa@nv.doe.gov': ERROR: duplicate key value violates unique constraint "users_username_key" (SQLSTATE 23505)
2026/01/13 23:10:16 Line 394: Created user 'bernic.gawand@gmail.com' (ID: 20421)
2026/01/13 23:10:16 Line 394: Linked existing uploads for external ID '520'
2026/01/13 23:10:17 Line 394: Error sending email to 'bernic.gawand@gmail.com': SMTP authentication failed: 454 4.7.0 Too many login attempts, please try again later. For more information,
4.7.0 go to
4.7.0  https://support.google.com/mail/answer/7126229 41be03b00d2f7-c4cbf28faf8sm21011052a12.7 - gsmtp
2026/01/13 23:10:17 Line 395: User 'swissguard007@gmail.com' already exists (ID: 20423), skipping
2026/01/13 23:10:18 Line 396: Created user 'bemnetalex@gmail.com' (ID: 20424)
2026/01/13 23:10:18 Line 396: Linked existing uploads for external ID '513'
2026/01/13 23:10:19 Line 396: Error sending email to 'bemnetalex@gmail.com': SMTP authentication failed: 454 4.7.0 Too many login attempts, please try again later. For more information,
4.7.0 go to
4.7.0  https://support.google.com/mail/answer/7126229 98e67ed59e1d1-34f5fb7419csm20479102a91.13 - gsmtp
2026/01/13 23:10:19 Line 397: Created user 'p.roninanat.ala011@gmail.com' (ID: 20425)
2026/01/13 23:10:19 Line 397: Linked existing uploads for external ID '1103'
2026/01/13 23:10:20 Line 397: Error sending email to 'p.roninanat.ala011@gmail.com': SMTP authentication failed: 454 4.7.0 Too many login attempts, please try again later. For more information,
4.7.0 go to
4.7.0  https://support.google.com/mail/answer/7126229 41be03b00d2f7-c4cc8d29521sm20240617a12.23 - gsmtp
2026/01/13 23:10:20 Line 398: User 'roland.desbordes@criirad.org' already exists (ID: 20427), skipping
2026/01/13 23:10:21 Line 399: Created user 'grumblepa@hotmail.com' (ID: 20428)
2026/01/13 23:10:21 Line 399: Linked existing uploads for external ID '579'
2026/01/13 23:10:22 Line 399: Error sending email to 'grumblepa@hotmail.com': SMTP authentication failed: 454 4.7.0 Too many login attempts, please try again later. For more information,
4.7.0 go to
4.7.0  https://support.google.com/mail/answer/7126229 d9443c01a7336-2a3e3c47390sm202812465ad.25 - gsmtp
2026/01/13 23:10:22 Line 400: User 'potgieter.werner@vodamail.co.za' already exists (ID: 20429), skipping
2026/01/13 23:10:22 Line 401: Skipping - invalid email 'sample@email.tst9053151': invalid email address format
2026/01/13 23:10:22 Line 402: Created user 'andrey@opensensors.io' (ID: 20430)
2026/01/13 23:10:22 Line 402: Linked existing uploads for external ID '773'
2026/01/13 23:10:24 Line 402: Error sending email to 'andrey@opensensors.io': SMTP authentication failed: 454 4.7.0 Too many login attempts, please try again later. For more information,
4.7.0 go to
4.7.0  https://support.google.com/mail/answer/7126229 d2e1a72fcca58-81e7cdaa87bsm11746480b3a.17 - gsmtp
2026/01/13 23:10:24 Line 403: User 'freddyntiare@yahoo.com' already exists (ID: 20431), skipping
2026/01/13 23:10:24 Line 404: Created user 'hide.y7686@gmail.com' (ID: 20432)
2026/01/13 23:10:24 Line 404: Linked existing uploads for external ID '702'
2026/01/13 23:10:25 Line 404: Error sending email to 'hide.y7686@gmail.com': SMTP authentication failed: 454 4.7.0 Too many login attempts, please try again later. For more information,
4.7.0 go to
4.7.0  https://support.google.com/mail/answer/7126229 d2e1a72fcca58-81f32ccb4aesm10011903b3a.9 - gsmtp
2026/01/13 23:10:25 Line 405: User 'juergenhaut@freenet.de' already exists (ID: 20433), skipping
2026/01/13 23:10:25 Line 406: Created user 'radek.martyniak@fenixcapital.pl' (ID: 20434)
2026/01/13 23:10:25 Line 406: Linked existing uploads for external ID '1280'
2026/01/13 23:10:27 Line 406: Error sending email to 'radek.martyniak@fenixcapital.pl': SMTP authentication failed: 454 4.7.0 Too many login attempts, please try again later. For more information,
4.7.0 go to
4.7.0  https://support.google.com/mail/answer/7126229 41be03b00d2f7-c4cc8d29516sm20274828a12.19 - gsmtp
2026/01/13 23:10:27 Line 407: User 'bojobooo@hotmail.com' already exists (ID: 20435), skipping
2026/01/13 23:10:27 Line 408: Created user 'bardf@free.fr' (ID: 20436)
2026/01/13 23:10:27 Line 408: Linked existing uploads for external ID '778'
2026/01/13 23:10:29 Line 408: Error sending email to 'bardf@free.fr': SMTP authentication failed: 454 4.7.0 Too many login attempts, please try again later. For more information,
4.7.0 go to
4.7.0  https://support.google.com/mail/answer/7126229 d2e1a72fcca58-81f42658f03sm9140549b3a.20 - gsmtp
2026/01/13 23:10:29 Line 409: User 'alex.mouradian@epfl.ch' already exists (ID: 20437), skipping
2026/01/13 23:10:29 Line 410: Created user 'millicentcope@aol.com' (ID: 20438)
2026/01/13 23:10:29 Line 410: Linked existing uploads for external ID '11607'
2026/01/13 23:10:31 Line 410: Error sending email to 'millicentcope@aol.com': SMTP authentication failed: 454 4.7.0 Too many login attempts, please try again later. For more information,
4.7.0 go to
4.7.0  https://support.google.com/mail/answer/7126229 98e67ed59e1d1-34f5f6db356sm20209261a91.0 - gsmtp
2026/01/13 23:10:31 Line 411: User 'hvhinspections@gmail.com' already exists (ID: 20439), skipping
2026/01/13 23:10:32 Line 412: Created user 'v.rouge03@gmail.com' (ID: 20440)
2026/01/13 23:10:32 Line 412: Linked existing uploads for external ID '922'
2026/01/13 23:10:33 Line 412: Error sending email to 'v.rouge03@gmail.com': SMTP authentication failed: 454 4.7.0 Too many login attempts, please try again later. For more information,
4.7.0 go to
4.7.0  https://support.google.com/mail/answer/7126229 41be03b00d2f7-c4cbf28f678sm20416952a12.3 - gsmtp
2026/01/13 23:10:33 Line 413: User 'euxafoni@gmailasdf.net' already exists (ID: 20441), skipping
2026/01/13 23:10:33 Line 414: Skipping - invalid email 'mansumlui@yahoo.com,hk': invalid email address format
2026/01/13 23:10:34 Line 415: Error creating user 'trefex@gmail.com': ERROR: duplicate key value violates unique constraint "users_email_key" (SQLSTATE 23505)
2026/01/13 23:10:34 Line 416: Created user 'dianed@nirs.org' (ID: 20444)
2026/01/13 23:10:34 Line 416: Linked existing uploads for external ID '511'
2026/01/13 23:10:36 Line 416: Error sending email to 'dianed@nirs.org': SMTP authentication failed: 454 4.7.0 Too many login attempts, please try again later. For more information,
4.7.0 go to
4.7.0  https://support.google.com/mail/answer/7126229 d9443c01a7336-2a3e3c5ceeasm201250805ad.45 - gsmtp
2026/01/13 23:10:36 Line 417: User 'antoinelatimier.emulation@gmail.com' already exists (ID: 20445), skipping
2026/01/13 23:10:36 Line 418: Created user 'harahealthpolicy@gmail.com' (ID: 20446)
2026/01/13 23:10:36 Line 418: Linked existing uploads for external ID '672'
2026/01/13 23:10:38 Line 418: Error sending email to 'harahealthpolicy@gmail.com': SMTP authentication failed: 454 4.7.0 Too many login attempts, please try again later. For more information,
4.7.0 go to
4.7.0  https://support.google.com/mail/answer/7126229 d2e1a72fcca58-819baa1936dsm20647634b3a.12 - gsmtp
2026/01/13 23:10:38 Line 419: User 'ladyttcom@gmail.com' already exists (ID: 20447), skipping
2026/01/13 23:10:38 Line 420: Created user 'fmaltey@free.fr' (ID: 20448)
2026/01/13 23:10:38 Line 420: Linked existing uploads for external ID '1668'
2026/01/13 23:10:40 Line 420: Error sending email to 'fmaltey@free.fr': SMTP authentication failed: 454 4.7.0 Too many login attempts, please try again later. For more information,
4.7.0 go to
4.7.0  https://support.google.com/mail/answer/7126229 d9443c01a7336-2a3e3c3a507sm200525205ad.3 - gsmtp
2026/01/13 23:10:40 Line 421: Error creating user 'rahtdrgn@yahoo.com': ERROR: duplicate key value violates unique constraint "users_email_key" (SQLSTATE 23505)
2026/01/13 23:10:40 Line 422: Created user 'fotaznavo@dfoofmail.com' (ID: 20451)
2026/01/13 23:10:40 Line 422: Linked existing uploads for external ID '860'
2026/01/13 23:10:42 Line 422: Error sending email to 'fotaznavo@dfoofmail.com': SMTP authentication failed: 454 4.7.0 Too many login attempts, please try again later. For more information,
4.7.0 go to
4.7.0  https://support.google.com/mail/answer/7126229 d9443c01a7336-2a3e3cb2d93sm205255425ad.63 - gsmtp
2026/01/13 23:10:42 Line 423: User 'bfrank-1992@hotmail.com' already exists (ID: 20452), skipping
2026/01/13 23:10:42 Line 424: Created user 'rebeccalhilliard@gmail.com' (ID: 20453)
2026/01/13 23:10:42 Line 424: Linked existing uploads for external ID '907'
2026/01/13 23:10:43 Line 424: Error sending email to 'rebeccalhilliard@gmail.com': SMTP authentication failed: 454 4.7.0 Too many login attempts, please try again later. For more information,
4.7.0 go to
4.7.0  https://support.google.com/mail/answer/7126229 d2e1a72fcca58-81c4905ca83sm15878358b3a.38 - gsmtp
2026/01/13 23:10:43 Line 425: Error creating user '76cc1130@opayq.com': ERROR: duplicate key value violates unique constraint "users_username_key" (SQLSTATE 23505)
2026/01/13 23:10:44 Line 426: Error creating user 'crieman@gmail.com': ERROR: duplicate key value violates unique constraint "users_email_key" (SQLSTATE 23505)
2026/01/13 23:10:44 Line 427: Created user 't11029ka@gmail.com' (ID: 20458)
2026/01/13 23:10:44 Line 427: Linked existing uploads for external ID '618'
2026/01/13 23:10:45 Line 427: Error sending email to 't11029ka@gmail.com': SMTP authentication failed: 454 4.7.0 Too many login attempts, please try again later. For more information,
4.7.0 go to
4.7.0  https://support.google.com/mail/answer/7126229 98e67ed59e1d1-34f5f88e95dsm20288603a91.12 - gsmtp
2026/01/13 23:10:45 Line 428: User 'marshallr3@wit.edu' already exists (ID: 20459), skipping
2026/01/13 23:10:46 Line 429: Created user 'protribasvets1964@dizaer.ru' (ID: 20460)
2026/01/13 23:10:46 Line 429: Linked existing uploads for external ID '4660'
2026/01/13 23:10:47 Line 429: Error sending email to 'protribasvets1964@dizaer.ru': SMTP authentication failed: 454 4.7.0 Too many login attempts, please try again later. For more information,
4.7.0 go to
4.7.0  https://support.google.com/mail/answer/7126229 d9443c01a7336-2a3e3cd492fsm81352875ad.98 - gsmtp
2026/01/13 23:10:47 Line 430: User 'ricketymercedes@gmail.com' already exists (ID: 20461), skipping
2026/01/13 23:10:47 Line 431: Created user 'johnmcdowell3@me.com' (ID: 20462)
2026/01/13 23:10:47 Line 431: Linked existing uploads for external ID '483'
2026/01/13 23:10:49 Line 431: Error sending email to 'johnmcdowell3@me.com': SMTP authentication failed: 454 4.7.0 Too many login attempts, please try again later. For more information,
4.7.0 go to
4.7.0  https://support.google.com/mail/answer/7126229 98e67ed59e1d1-34f5fb64d68sm8024624a91.12 - gsmtp
2026/01/13 23:10:49 Line 432: User 'h.stier@berlin.de' already exists (ID: 20463), skipping
2026/01/13 23:10:49 Line 433: Created user 'ian@neo.com' (ID: 20464)
2026/01/13 23:10:49 Line 433: Linked existing uploads for external ID '484'
2026/01/13 23:10:51 Line 433: Error sending email to 'ian@neo.com': SMTP authentication failed: 454 4.7.0 Too many login attempts, please try again later. For more information,
4.7.0 go to
4.7.0  https://support.google.com/mail/answer/7126229 41be03b00d2f7-c4cc05cd87asm20203143a12.15 - gsmtp
2026/01/13 23:10:51 Line 434: User 'cfonda@ictp.it' already exists (ID: 20465), skipping
2026/01/13 23:10:51 Line 435: Created user 'cheaprays@outlook.com' (ID: 20466)
2026/01/13 23:10:51 Line 435: Linked existing uploads for external ID '752'
2026/01/13 23:10:53 Line 435: Error sending email to 'cheaprays@outlook.com': SMTP authentication failed: 454 4.7.0 Too many login attempts, please try again later. For more information,
4.7.0 go to
4.7.0  https://support.google.com/mail/answer/7126229 98e67ed59e1d1-34f5f88efb5sm20409988a91.10 - gsmtp
2026/01/13 23:10:53 Line 436: User 'ken.9898.ken@gmail.com' already exists (ID: 20467), skipping
2026/01/13 23:10:53 Line 437: Created user 'accd_iraq@yahoo.com' (ID: 20468)
2026/01/13 23:10:53 Line 437: Linked existing uploads for external ID '576'
2026/01/13 23:10:54 Line 437: Error sending email to 'accd_iraq@yahoo.com': SMTP authentication failed: 454 4.7.0 Too many login attempts, please try again later. For more information,
4.7.0 go to
4.7.0  https://support.google.com/mail/answer/7126229 d2e1a72fcca58-819c52f88casm20716976b3a.34 - gsmtp
2026/01/13 23:10:54 Line 438: User 'shim7aaa@gmail.com' already exists (ID: 20469), skipping
2026/01/13 23:10:55 Line 439: Created user 'levernier5405@yahoo.com' (ID: 20470)
2026/01/13 23:10:55 Line 439: Linked existing uploads for external ID '6495'
2026/01/13 23:10:56 Line 439: Error sending email to 'levernier5405@yahoo.com': SMTP authentication failed: 454 4.7.0 Too many login attempts, please try again later. For more information,
4.7.0 go to
4.7.0  https://support.google.com/mail/answer/7126229 98e67ed59e1d1-3510691b655sm45471a91.2 - gsmtp
2026/01/13 23:10:56 Line 440: User 'sugii@nowhere.co.jp' already exists (ID: 20471), skipping
2026/01/13 23:10:56 Line 441: Created user 'kachan_com@yahoo.co.jp' (ID: 20472)
2026/01/13 23:10:56 Line 441: Linked existing uploads for external ID '482'
2026/01/13 23:10:58 Line 441: Error sending email to 'kachan_com@yahoo.co.jp': SMTP authentication failed: 454 4.7.0 Too many login attempts, please try again later. For more information,
4.7.0 go to
4.7.0  https://support.google.com/mail/answer/7126229 d2e1a72fcca58-819baa195e5sm156875b3a.3 - gsmtp
2026/01/13 23:10:58 Line 442: User 'jmarielloyd2015@icloud.com' already exists (ID: 20473), skipping
2026/01/13 23:10:58 Line 443: Created user 'mcoletti@gmail.com' (ID: 20474)
2026/01/13 23:10:58 Line 443: Linked existing uploads for external ID '607'
2026/01/13 23:10:59 Line 443: Error sending email to 'mcoletti@gmail.com': SMTP authentication failed: 454 4.7.0 Too many login attempts, please try again later. For more information,
4.7.0 go to
4.7.0  https://support.google.com/mail/answer/7126229 d9443c01a7336-2a3e3cd4654sm205289075ad.97 - gsmtp
2026/01/13 23:10:59 Line 444: User 'hiepvi@pielab.vn' already exists (ID: 20475), skipping
2026/01/13 23:10:59 Line 445: Created user 'okazakiasako@gmail.com' (ID: 20476)
2026/01/13 23:10:59 Line 445: Linked existing uploads for external ID '536'
2026/01/13 23:11:00 Line 445: Error sending email to 'okazakiasako@gmail.com': SMTP authentication failed: 454 4.7.0 Too many login attempts, please try again later. For more information,
4.7.0 go to
4.7.0  https://support.google.com/mail/answer/7126229 d2e1a72fcca58-819c52fc9bdsm20664371b3a.32 - gsmtp
2026/01/13 23:11:00 Line 446: User 'uzahupf@mailasdkr.com' already exists (ID: 20477), skipping
2026/01/13 23:11:01 Line 447: Created user 'makky7.m8@gmail.com' (ID: 20478)
2026/01/13 23:11:01 Line 447: Linked existing uploads for external ID '538'
2026/01/13 23:11:02 Line 447: Error sending email to 'makky7.m8@gmail.com': SMTP authentication failed: 454 4.7.0 Too many login attempts, please try again later. For more information,
4.7.0 go to
4.7.0  https://support.google.com/mail/answer/7126229 d9443c01a7336-2a3e3cc8ddfsm202628795ad.74 - gsmtp
2026/01/13 23:11:02 Line 448: User 'witokazu@hotmail.com' already exists (ID: 20479), skipping
2026/01/13 23:11:02 Line 449: Created user 'melvin@zytek.com' (ID: 20480)
2026/01/13 23:11:02 Line 449: Linked existing uploads for external ID '479'
2026/01/13 23:11:03 Line 449: Error sending email to 'melvin@zytek.com': SMTP authentication failed: 454 4.7.0 Too many login attempts, please try again later. For more information,
4.7.0 go to
4.7.0  https://support.google.com/mail/answer/7126229 d9443c01a7336-2a3e3c3a56csm25549435ad.20 - gsmtp
2026/01/13 23:11:03 Line 450: User 'jnikolai@us.ibm.com' already exists (ID: 20481), skipping
2026/01/13 23:11:04 Line 451: Created user 'stevenbet@mail.ru' (ID: 20482)
2026/01/13 23:11:04 Line 451: Linked existing uploads for external ID '839'
2026/01/13 23:11:05 Line 451: Error sending email to 'stevenbet@mail.ru': SMTP authentication failed: 454 4.7.0 Too many login attempts, please try again later. For more information,
4.7.0 go to
4.7.0  https://support.google.com/mail/answer/7126229 d9443c01a7336-2a3e3c3a2f7sm206822045ad.16 - gsmtp
2026/01/13 23:11:05 Line 452: User 'hboro80@yahoo.com' already exists (ID: 20483), skipping
2026/01/13 23:11:05 Line 453: Created user 'tom.waks.21@gmail.com' (ID: 20484)
2026/01/13 23:11:05 Line 453: Linked existing uploads for external ID '5164'
2026/01/13 23:11:06 Line 453: Error sending email to 'tom.waks.21@gmail.com': SMTP authentication failed: 454 4.7.0 Too many login attempts, please try again later. For more information,
4.7.0 go to
4.7.0  https://support.google.com/mail/answer/7126229 d9443c01a7336-2a3e3cc8888sm202269105ad.76 - gsmtp
2026/01/13 23:11:06 Line 454: User 'louis.chihara@gmail.com' already exists (ID: 20485), skipping
2026/01/13 23:11:07 Line 455: Created user 'cg@simplycubed.com' (ID: 20486)
2026/01/13 23:11:07 Line 455: Linked existing uploads for external ID '485'
2026/01/13 23:11:08 Line 455: Error sending email to 'cg@simplycubed.com': SMTP authentication failed: 454 4.7.0 Too many login attempts, please try again later. For more information,
4.7.0 go to
4.7.0  https://support.google.com/mail/answer/7126229 41be03b00d2f7-c4cc9e7e824sm20346249a12.30 - gsmtp
2026/01/13 23:11:08 Line 456: User 'nepenthemaster@gmail.com' already exists (ID: 20487), skipping
2026/01/13 23:11:08 Line 457: Created user 'ayameikeko@gmail.com' (ID: 20488)
2026/01/13 23:11:08 Line 457: Linked existing uploads for external ID '714'
2026/01/13 23:11:10 Line 457: Error sending email to 'ayameikeko@gmail.com': SMTP authentication failed: 454 4.7.0 Too many login attempts, please try again later. For more information,
4.7.0 go to
4.7.0  https://support.google.com/mail/answer/7126229 98e67ed59e1d1-34f5f7b1d81sm20358666a91.1 - gsmtp
2026/01/13 23:11:10 Line 458: User 'mhslosteps@hotmail.com' already exists (ID: 20489), skipping
2026/01/13 23:11:10 Line 459: Error creating user 'jamesehrlichmd@gmail.com': ERROR: duplicate key value violates unique constraint "users_email_key" (SQLSTATE 23505)
2026/01/13 23:11:10 Line 460: Created user 'jamesltyler13@yahoo.com' (ID: 20492)
2026/01/13 23:11:10 Line 460: Linked existing uploads for external ID '452'
2026/01/13 23:11:11 Line 460: Error sending email to 'jamesltyler13@yahoo.com': SMTP authentication failed: 454 4.7.0 Too many login attempts, please try again later. For more information,
4.7.0 go to
4.7.0  https://support.google.com/mail/answer/7126229 d9443c01a7336-2a3e3cb2d79sm207375585ad.56 - gsmtp
2026/01/13 23:11:11 Line 461: Created user 'anais76590@hotmail.fr' (ID: 20493)
2026/01/13 23:11:11 Line 461: Linked existing uploads for external ID '733'
2026/01/13 23:11:13 Line 461: Error sending email to 'anais76590@hotmail.fr': SMTP authentication failed: 454 4.7.0 Too many login attempts, please try again later. For more information,
4.7.0 go to
4.7.0  https://support.google.com/mail/answer/7126229 41be03b00d2f7-c59b024cfb4sm8001661a12.14 - gsmtp
2026/01/13 23:11:13 Line 462: User 'harry.ince@gmail.com' already exists (ID: 20495), skipping
2026/01/13 23:11:13 Line 463: Error creating user 'loic.ducros@unimes.fr': ERROR: duplicate key value violates unique constraint "users_email_key" (SQLSTATE 23505)
2026/01/13 23:11:13 Line 464: Created user 'susanneehlers@hotmail.de' (ID: 20498)
2026/01/13 23:11:13 Line 464: Linked existing uploads for external ID '2123'
2026/01/13 23:11:15 Line 464: Error sending email to 'susanneehlers@hotmail.de': SMTP authentication failed: 454 4.7.0 Too many login attempts, please try again later. For more information,
4.7.0 go to
4.7.0  https://support.google.com/mail/answer/7126229 d2e1a72fcca58-81f43dfd462sm8173476b3a.27 - gsmtp
2026/01/13 23:11:15 Line 465: User 'hoylen@hoylen.com' already exists (ID: 20499), skipping
2026/01/13 23:11:15 Line 466: Created user 'tiokasin@gmail.com' (ID: 20500)
2026/01/13 23:11:15 Line 466: Linked existing uploads for external ID '1677'
2026/01/13 23:11:17 Line 466: Error sending email to 'tiokasin@gmail.com': SMTP authentication failed: 454 4.7.0 Too many login attempts, please try again later. For more information,
4.7.0 go to
4.7.0  https://support.google.com/mail/answer/7126229 98e67ed59e1d1-351067daf1esm58010a91.7 - gsmtp
2026/01/13 23:11:17 Line 467: User 'rreinert@andrew.cmu.edu' already exists (ID: 20501), skipping
2026/01/13 23:11:17 Line 468: Created user 'georgewrobbins@gmail.com' (ID: 20502)
2026/01/13 23:11:17 Line 468: Linked existing uploads for external ID '449'
2026/01/13 23:11:18 Line 468: Error sending email to 'georgewrobbins@gmail.com': SMTP authentication failed: 454 4.7.0 Too many login attempts, please try again later. For more information,
4.7.0 go to
4.7.0  https://support.google.com/mail/answer/7126229 d9443c01a7336-2a3e3c491e7sm205345455ad.38 - gsmtp
2026/01/13 23:11:18 Line 469: User 'visakhm@gmail.com' already exists (ID: 20503), skipping
2026/01/13 23:11:19 Line 470: Created user 'idahoexpo@hotmail.com' (ID: 20504)
2026/01/13 23:11:19 Line 470: Linked existing uploads for external ID '454'
2026/01/13 23:11:20 Line 470: Error sending email to 'idahoexpo@hotmail.com': SMTP authentication failed: 454 4.7.0 Too many login attempts, please try again later. For more information,
4.7.0 go to
4.7.0  https://support.google.com/mail/answer/7126229 d2e1a72fcca58-81f68376cc4sm3946028b3a.29 - gsmtp
2026/01/13 23:11:20 Line 471: Created user 'jpyoung2009@hotmail.com' (ID: 20505)
2026/01/13 23:11:20 Line 471: Linked existing uploads for external ID '976'
2026/01/13 23:11:21 Line 471: Error sending email to 'jpyoung2009@hotmail.com': SMTP authentication failed: 454 4.7.0 Too many login attempts, please try again later. For more information,
4.7.0 go to
4.7.0  https://support.google.com/mail/answer/7126229 41be03b00d2f7-c54972a5e67sm13359634a12.35 - gsmtp
2026/01/13 23:11:21 Line 472: User 'stewart@lovinggibbard.com' already exists (ID: 20507), skipping
2026/01/13 23:11:22 Line 473: Created user 'kikitanster@gmail.com' (ID: 20508)
2026/01/13 23:11:22 Line 473: Linked existing uploads for external ID '18'
2026/01/13 23:11:23 Line 473: Error sending email to 'kikitanster@gmail.com': SMTP authentication failed: 454 4.7.0 Too many login attempts, please try again later. For more information,
4.7.0 go to
4.7.0  https://support.google.com/mail/answer/7126229 d9443c01a7336-2a3f3115682sm168706645ad.55 - gsmtp
2026/01/13 23:11:23 Line 474: User 'unexamad1973@yandex.ru' already exists (ID: 20509), skipping
2026/01/13 23:11:23 Line 475: Created user 'critcophoto@gmail.com' (ID: 20510)
2026/01/13 23:11:23 Line 475: Linked existing uploads for external ID '1013'
2026/01/13 23:11:24 Line 475: Error sending email to 'critcophoto@gmail.com': SMTP authentication failed: 454 4.7.0 Too many login attempts, please try again later. For more information,
4.7.0 go to
4.7.0  https://support.google.com/mail/answer/7126229 d2e1a72fcca58-81e6c8199f4sm8875814b3a.68 - gsmtp
2026/01/13 23:11:24 Line 476: User 'jkim@visionsprout.net' already exists (ID: 20511), skipping
2026/01/13 23:11:24 Line 477: Created user 'rayburn@protonmail.ch' (ID: 20512)
2026/01/13 23:11:24 Line 477: Linked existing uploads for external ID '1958'
2026/01/13 23:11:26 Line 477: Error sending email to 'rayburn@protonmail.ch': SMTP authentication failed: 454 4.7.0 Too many login attempts, please try again later. For more information,
4.7.0 go to
4.7.0  https://support.google.com/mail/answer/7126229 d9443c01a7336-2a3e3cd2acdsm201111205ad.89 - gsmtp
2026/01/13 23:11:26 Line 478: User 'prawley@gmail.com' already exists (ID: 20513), skipping
2026/01/13 23:11:26 Line 479: Created user 'peter.murray.rust@googlemail.com' (ID: 20514)
2026/01/13 23:11:26 Line 479: Linked existing uploads for external ID '828'
2026/01/13 23:11:27 Line 479: Error sending email to 'peter.murray.rust@googlemail.com': SMTP authentication failed: 454 4.7.0 Too many login attempts, please try again later. For more information,
4.7.0 go to
4.7.0  https://support.google.com/mail/answer/7126229 d2e1a72fcca58-81f2347e3edsm10113602b3a.49 - gsmtp
2026/01/13 23:11:27 Line 480: User 't.tarlev@gmail.com' already exists (ID: 20515), skipping
2026/01/13 23:11:28 Line 481: Created user 'it@schiffs.com' (ID: 20516)
2026/01/13 23:11:28 Line 481: Linked existing uploads for external ID '5288'
2026/01/13 23:11:29 Line 481: Error sending email to 'it@schiffs.com': SMTP authentication failed: 454 4.7.0 Too many login attempts, please try again later. For more information,
4.7.0 go to
4.7.0  https://support.google.com/mail/answer/7126229 98e67ed59e1d1-34f5f7c2666sm20074027a91.5 - gsmtp
2026/01/13 23:11:29 Line 482: User 'helmutchol@4softsite.info' already exists (ID: 20518), skipping
2026/01/13 23:11:29 Line 483: Created user 'jmwenda@mit.edu' (ID: 20519)
2026/01/13 23:11:29 Line 483: Linked existing uploads for external ID '549'
2026/01/13 23:11:31 Line 483: Error sending email to 'jmwenda@mit.edu': SMTP authentication failed: 454 4.7.0 Too many login attempts, please try again later. For more information,
4.7.0 go to
4.7.0  https://support.google.com/mail/answer/7126229 d2e1a72fcca58-81f73c27d18sm2096610b3a.46 - gsmtp
2026/01/13 23:11:31 Line 484: User 'tdubuis@nordnet.fr' already exists (ID: 20520), skipping
2026/01/13 23:11:31 Line 485: Error creating user 'suaderreles1999@nimfa.info': ERROR: duplicate key value violates unique constraint "users_email_key" (SQLSTATE 23505)
2026/01/13 23:11:31 Line 486: Created user 'gillesbouvier+safecast@gmail.com' (ID: 20523)
2026/01/13 23:11:31 Line 486: Linked existing uploads for external ID '901'
2026/01/13 23:11:33 Line 486: Error sending email to 'gillesbouvier+safecast@gmail.com': SMTP authentication failed: 454 4.7.0 Too many login attempts, please try again later. For more information,
4.7.0 go to
4.7.0  https://support.google.com/mail/answer/7126229 d9443c01a7336-2a3e3c4796asm205779965ad.34 - gsmtp
2026/01/13 23:11:33 Line 487: User 'robert.adrian@live.com.pt' already exists (ID: 20524), skipping
2026/01/13 23:11:33 Line 488: Created user 'cuongphambk2010@gmail.com' (ID: 20525)
2026/01/13 23:11:33 Line 488: Linked existing uploads for external ID '850'
2026/01/13 23:11:34 Line 488: Error sending email to 'cuongphambk2010@gmail.com': SMTP authentication failed: 454 4.7.0 Too many login attempts, please try again later. For more information,
4.7.0 go to
4.7.0  https://support.google.com/mail/answer/7126229 d9443c01a7336-2a3e3c48c0bsm22912725ad.31 - gsmtp
2026/01/13 23:11:34 Line 489: Created user 'g.banczerowski@gmail.com' (ID: 20526)
2026/01/13 23:11:34 Line 489: Linked existing uploads for external ID '968'
2026/01/13 23:11:35 Line 489: Error sending email to 'g.banczerowski@gmail.com': SMTP authentication failed: 454 4.7.0 Too many login attempts, please try again later. For more information,
4.7.0 go to
4.7.0  https://support.google.com/mail/answer/7126229 d2e1a72fcca58-81d7d2cb2b5sm13528937b3a.43 - gsmtp
2026/01/13 23:11:35 Line 490: User 'toyama_save_fukushima_children@yahoo.co.jp' already exists (ID: 20528), skipping
2026/01/13 23:11:36 Line 491: Created user 'bruce.l.howard+safecast@gmail.com' (ID: 20529)
2026/01/13 23:11:36 Line 491: Linked existing uploads for external ID '990'
2026/01/13 23:11:37 Line 491: Error sending email to 'bruce.l.howard+safecast@gmail.com': SMTP authentication failed: 454 4.7.0 Too many login attempts, please try again later. For more information,
4.7.0 go to
4.7.0  https://support.google.com/mail/answer/7126229 d2e1a72fcca58-81e7cdaa87bsm11749021b3a.17 - gsmtp
2026/01/13 23:11:37 Line 492: Error creating user 'toyama.save.fukushima.children@gmail.com': ERROR: duplicate key value violates unique constraint "users_username_key" (SQLSTATE 23505)
2026/01/13 23:11:37 Line 493: User 'dima@benzotreid.ru' already exists (ID: 20531), skipping
2026/01/13 23:11:37 Line 494: Created user 'teleyinex@gmail.com' (ID: 20533)
2026/01/13 23:11:37 Line 494: Linked existing uploads for external ID '728'
2026/01/13 23:11:39 Line 494: Error sending email to 'teleyinex@gmail.com': SMTP authentication failed: 454 4.7.0 Too many login attempts, please try again later. For more information,
4.7.0 go to
4.7.0  https://support.google.com/mail/answer/7126229 98e67ed59e1d1-34f5f88e952sm20509512a91.11 - gsmtp
2026/01/13 23:11:39 Line 495: User 't5grrr@yahoo.com' already exists (ID: 20534), skipping
2026/01/13 23:11:39 Line 496: Created user 'scextsiz@my-top-shop.com' (ID: 20535)
2026/01/13 23:11:39 Line 496: Linked existing uploads for external ID '913'
2026/01/13 23:11:41 Line 496: Error sending email to 'scextsiz@my-top-shop.com': SMTP authentication failed: 454 4.7.0 Too many login attempts, please try again later. For more information,
4.7.0 go to
4.7.0  https://support.google.com/mail/answer/7126229 41be03b00d2f7-c4cc96ca7a9sm20147672a12.25 - gsmtp
2026/01/13 23:11:41 Line 497: User 'and54918@nifty.com' already exists (ID: 20536), skipping
2026/01/13 23:11:41 Line 498: Created user 'emeulie@gmail.com' (ID: 20537)
2026/01/13 23:11:41 Line 498: Linked existing uploads for external ID '302'
2026/01/13 23:11:42 Line 498: Error sending email to 'emeulie@gmail.com': SMTP authentication failed: 454 4.7.0 Too many login attempts, please try again later. For more information,
4.7.0 go to
4.7.0  https://support.google.com/mail/answer/7126229 d2e1a72fcca58-81f3ce8df8bsm9536693b3a.40 - gsmtp
2026/01/13 23:11:42 Line 499: User 'anthonyleonsins@gmail.com' already exists (ID: 20538), skipping
2026/01/13 23:11:43 Line 500: Created user 'tv106.6@gmail.com' (ID: 20539)
2026/01/13 23:11:43 Line 500: Linked existing uploads for external ID '527'
2026/01/13 23:11:44 Line 500: Error sending email to 'tv106.6@gmail.com': SMTP authentication failed: 454 4.7.0 Too many login attempts, please try again later. For more information,
4.7.0 go to
4.7.0  https://support.google.com/mail/answer/7126229 d9443c01a7336-2a3e3cc8888sm202281125ad.76 - gsmtp
2026/01/13 23:11:44 Line 501: User 'safecast@2visser.nl' already exists (ID: 20540), skipping
2026/01/13 23:11:44 Line 502: Created user 'mwilli6287@gmail.com' (ID: 20541)
2026/01/13 23:11:44 Line 502: Linked existing uploads for external ID '835'
2026/01/13 23:11:45 Line 502: Error sending email to 'mwilli6287@gmail.com': SMTP authentication failed: 454 4.7.0 Too many login attempts, please try again later. For more information,
4.7.0 go to
4.7.0  https://support.google.com/mail/answer/7126229 98e67ed59e1d1-34f5f8c45b6sm20137222a91.17 - gsmtp
2026/01/13 23:11:45 Line 503: User 'sakyhoozy@mail-jim.ml' already exists (ID: 20542), skipping
2026/01/13 23:11:46 Line 504: Created user 'adam.r.roper@gmail.com' (ID: 20543)
2026/01/13 23:11:46 Line 504: Linked existing uploads for external ID '1137'
2026/01/13 23:11:47 Line 504: Error sending email to 'adam.r.roper@gmail.com': SMTP authentication failed: 454 4.7.0 Too many login attempts, please try again later. For more information,
4.7.0 go to
4.7.0  https://support.google.com/mail/answer/7126229 d2e1a72fcca58-81f3cae7e7esm9615444b3a.44 - gsmtp
2026/01/13 23:11:47 Line 505: User 'safecast.ch26@spn.email' already exists (ID: 20544), skipping
2026/01/13 23:11:47 Line 506: Created user 'help@gymnaseprovence.ch' (ID: 20545)
2026/01/13 23:11:47 Line 506: Linked existing uploads for external ID '500'
2026/01/13 23:11:48 Line 506: Error sending email to 'help@gymnaseprovence.ch': SMTP authentication failed: 454 4.7.0 Too many login attempts, please try again later. For more information,
4.7.0 go to
4.7.0  https://support.google.com/mail/answer/7126229 d9443c01a7336-2a3e3cb2e01sm200342455ad.46 - gsmtp
2026/01/13 23:11:49 Line 507: Created user 'rbtheatreworks@gmail.com' (ID: 20546)
2026/01/13 23:11:49 Line 507: Linked existing uploads for external ID '422'
2026/01/13 23:11:50 Line 507: Error sending email to 'rbtheatreworks@gmail.com': SMTP authentication failed: 454 4.7.0 Too many login attempts, please try again later. For more information,
4.7.0 go to
4.7.0  https://support.google.com/mail/answer/7126229 98e67ed59e1d1-34f5f8b0f67sm20166610a91.15 - gsmtp
2026/01/13 23:11:50 Line 508: User 'noveck@gmail.com' already exists (ID: 20548), skipping
2026/01/13 23:11:50 Line 509: Created user 'm.baca@yayoo.es' (ID: 20549)
2026/01/13 23:11:50 Line 509: Linked existing uploads for external ID '945'
2026/01/13 23:11:51 Line 509: Error sending email to 'm.baca@yayoo.es': SMTP authentication failed: 454 4.7.0 Too many login attempts, please try again later. For more information,
4.7.0 go to
4.7.0  https://support.google.com/mail/answer/7126229 d9443c01a7336-2a3e3c3a512sm206258455ad.10 - gsmtp
2026/01/13 23:11:51 Line 510: User 'sekine@nowhere.co.jp' already exists (ID: 20550), skipping
2026/01/13 23:11:51 Line 511: Created user 'luomein@gmail.com' (ID: 20551)
2026/01/13 23:11:51 Line 511: Linked existing uploads for external ID '233'
2026/01/13 23:11:52 Line 511: Error sending email to 'luomein@gmail.com': SMTP authentication failed: 454 4.7.0 Too many login attempts, please try again later. For more information,
4.7.0 go to
4.7.0  https://support.google.com/mail/answer/7126229 d9443c01a7336-2a3e3c3abb0sm206398525ad.11 - gsmtp
2026/01/13 23:11:52 Line 512: User 'joler@shareconference.net' already exists (ID: 20552), skipping
2026/01/13 23:11:53 Line 513: Created user 'dr_erickson@mac.com' (ID: 20553)
2026/01/13 23:11:53 Line 513: Linked existing uploads for external ID '468'
2026/01/13 23:11:54 Line 513: Error sending email to 'dr_erickson@mac.com': SMTP authentication failed: 454 4.7.0 Too many login attempts, please try again later. For more information,
4.7.0 go to
4.7.0  https://support.google.com/mail/answer/7126229 98e67ed59e1d1-34f5f7b1922sm20464317a91.4 - gsmtp
2026/01/13 23:11:54 Line 514: User 'mey.eres.kri.s.t.el@gmail.com' already exists (ID: 20554), skipping
2026/01/13 23:11:54 Line 515: Created user 'hklook@hotmail.com' (ID: 20555)
2026/01/13 23:11:54 Line 515: Linked existing uploads for external ID '466'
2026/01/13 23:11:56 Line 515: Error sending email to 'hklook@hotmail.com': SMTP authentication failed: 454 4.7.0 Too many login attempts, please try again later. For more information,
4.7.0 go to
4.7.0  https://support.google.com/mail/answer/7126229 41be03b00d2f7-c4cbf28f678sm20419442a12.3 - gsmtp
2026/01/13 23:11:56 Line 516: User 'ross@medcom.com' already exists (ID: 20556), skipping
2026/01/13 23:11:56 Line 517: Created user 'vivekgb@gmail.com' (ID: 20557)
2026/01/13 23:11:56 Line 517: Linked existing uploads for external ID '710'
2026/01/13 23:11:58 Line 517: Error sending email to 'vivekgb@gmail.com': SMTP authentication failed: 454 4.7.0 Too many login attempts, please try again later. For more information,
4.7.0 go to
4.7.0  https://support.google.com/mail/answer/7126229 98e67ed59e1d1-35106914b13sm54094a91.4 - gsmtp
2026/01/13 23:11:58 Line 518: User 'jasper.diong@gmail.com' already exists (ID: 20558), skipping
2026/01/13 23:11:58 Line 519: Error creating user 'k.alio.stro226.6@googlemail.com': ERROR: duplicate key value violates unique constraint "users_email_key" (SQLSTATE 23505)
2026/01/13 23:11:58 Line 520: Created user 'shingo.pats@gmail.com' (ID: 20561)
2026/01/13 23:11:58 Line 520: Linked existing uploads for external ID '975'
2026/01/13 23:12:00 Line 520: Error sending email to 'shingo.pats@gmail.com': SMTP authentication failed: 454 4.7.0 Too many login attempts, please try again later. For more information,
4.7.0 go to
4.7.0  https://support.google.com/mail/answer/7126229 d2e1a72fcca58-81ef9881db6sm10547779b3a.66 - gsmtp
2026/01/13 23:12:00 Line 521: User 'yasuhitoa@hotmail.com' already exists (ID: 20562), skipping
2026/01/13 23:12:00 Line 522: Created user 'rhartshorne@cox.net' (ID: 20563)
2026/01/13 23:12:00 Line 522: Linked existing uploads for external ID '465'
2026/01/13 23:12:01 Line 522: Error sending email to 'rhartshorne@cox.net': SMTP authentication failed: 454 4.7.0 Too many login attempts, please try again later. For more information,
4.7.0 go to
4.7.0  https://support.google.com/mail/answer/7126229 d2e1a72fcca58-81f421174f2sm9157949b3a.1 - gsmtp
2026/01/13 23:12:01 Line 523: User 'psallis@aut.ac.nz' already exists (ID: 20564), skipping
2026/01/13 23:12:01 Line 524: Created user 'lida@cma.gov.cn' (ID: 20565)
2026/01/13 23:12:01 Line 524: Linked existing uploads for external ID '1977'
2026/01/13 23:12:03 Line 524: Error sending email to 'lida@cma.gov.cn': SMTP authentication failed: 454 4.7.0 Too many login attempts, please try again later. For more information,
4.7.0 go to
4.7.0  https://support.google.com/mail/answer/7126229 41be03b00d2f7-c4cc96ca7a9sm20148382a12.25 - gsmtp
2026/01/13 23:12:03 Line 525: User 'jfreman@sprynet.com' already exists (ID: 20566), skipping
2026/01/13 23:12:03 Line 526: Created user 'ghoskins@asij.ac.jp' (ID: 20567)
2026/01/13 23:12:03 Line 526: Linked existing uploads for external ID '891'
2026/01/13 23:12:05 Line 526: Error sending email to 'ghoskins@asij.ac.jp': SMTP authentication failed: 454 4.7.0 Too many login attempts, please try again later. For more information,
4.7.0 go to
4.7.0  https://support.google.com/mail/answer/7126229 d9443c01a7336-2a3e3cc7912sm205894345ad.67 - gsmtp
2026/01/13 23:12:05 Line 527: User 'volkmar.geissler@berlin.de' already exists (ID: 20568), skipping
2026/01/13 23:12:05 Line 528: Created user 'bernhard.herschberger@online.de' (ID: 20569)
2026/01/13 23:12:05 Line 528: Linked existing uploads for external ID '460'
2026/01/13 23:12:06 Line 528: Error sending email to 'bernhard.herschberger@online.de': SMTP authentication failed: 454 4.7.0 Too many login attempts, please try again later. For more information,
4.7.0 go to
4.7.0  https://support.google.com/mail/answer/7126229 d2e1a72fcca58-819c52f88casm20719508b3a.34 - gsmtp
2026/01/13 23:12:06 Line 529: User 'mercola@gmail.com' already exists (ID: 20570), skipping
2026/01/13 23:12:07 Line 530: Created user 'egorm2002@outlook.com' (ID: 20571)
2026/01/13 23:12:07 Line 530: Linked existing uploads for external ID '743'
2026/01/13 23:12:08 Line 530: Error sending email to 'egorm2002@outlook.com': SMTP authentication failed: 454 4.7.0 Too many login attempts, please try again later. For more information,
4.7.0 go to
4.7.0  https://support.google.com/mail/answer/7126229 d9443c01a7336-2a3e3cd4401sm205920645ad.92 - gsmtp
2026/01/13 23:12:08 Line 531: User 's.alteheld@freenet.de' already exists (ID: 20572), skipping
2026/01/13 23:12:08 Line 532: Created user 'parrott.622@onet.pl' (ID: 20573)
2026/01/13 23:12:08 Line 532: Linked existing uploads for external ID '4951'
2026/01/13 23:12:09 Line 532: Error sending email to 'parrott.622@onet.pl': SMTP authentication failed: 454 4.7.0 Too many login attempts, please try again later. For more information,
4.7.0 go to
4.7.0  https://support.google.com/mail/answer/7126229 d9443c01a7336-2a3e3c48c15sm200675105ad.27 - gsmtp
2026/01/13 23:12:09 Line 533: User 'tims@gsastuto.com' already exists (ID: 20574), skipping
2026/01/13 23:12:10 Line 534: Error creating user 'tohora@icloud.com': ERROR: duplicate key value violates unique constraint "users_username_key" (SQLSTATE 23505)
2026/01/13 23:12:10 Line 535: Created user 'kneu2@mac.com' (ID: 20576)
2026/01/13 23:12:10 Line 535: Linked existing uploads for external ID '428'
2026/01/13 23:12:11 Line 535: Error sending email to 'kneu2@mac.com': SMTP authentication failed: 454 4.7.0 Too many login attempts, please try again later. For more information,
4.7.0 go to
4.7.0  https://support.google.com/mail/answer/7126229 d2e1a72fcca58-81efe4a95c7sm10474500b3a.37 - gsmtp
2026/01/13 23:12:11 Line 536: User 'afernan8@kent.edu' already exists (ID: 20578), skipping
2026/01/13 23:12:11 Line 537: Created user 'quadradox@yahoo.com' (ID: 20579)
2026/01/13 23:12:11 Line 537: Linked existing uploads for external ID '431'
2026/01/13 23:12:13 Line 537: Error sending email to 'quadradox@yahoo.com': SMTP authentication failed: 454 4.7.0 Too many login attempts, please try again later. For more information,
4.7.0 go to
4.7.0  https://support.google.com/mail/answer/7126229 41be03b00d2f7-c4cc8d29521sm20243861a12.23 - gsmtp
2026/01/13 23:12:13 Line 538: User 'dalekk@gmail.com' already exists (ID: 20580), skipping
2026/01/13 23:12:13 Line 539: Created user 'imustan.jp@gmail.com' (ID: 20581)
2026/01/13 23:12:13 Line 539: Linked existing uploads for external ID '717'
2026/01/13 23:12:14 Line 539: Error sending email to 'imustan.jp@gmail.com': SMTP authentication failed: 454 4.7.0 Too many login attempts, please try again later. For more information,
4.7.0 go to
4.7.0  https://support.google.com/mail/answer/7126229 d9443c01a7336-2a3e3c4795fsm206334955ad.33 - gsmtp
2026/01/13 23:12:14 Line 540: User 'jeanmarc.avellaneda@yahoo.fr' already exists (ID: 20582), skipping
2026/01/13 23:12:14 Line 541: Created user 'cjsulli@illinois.edu' (ID: 20583)
2026/01/13 23:12:14 Line 541: Linked existing uploads for external ID '434'
2026/01/13 23:12:16 Line 541: Error sending email to 'cjsulli@illinois.edu': SMTP authentication failed: 454 4.7.0 Too many login attempts, please try again later. For more information,
4.7.0 go to
4.7.0  https://support.google.com/mail/answer/7126229 d9443c01a7336-2a3e3cd469dsm205501915ad.94 - gsmtp
2026/01/13 23:12:16 Line 542: User 'kenneth.ng@mtsl.com.hk' already exists (ID: 20584), skipping
2026/01/13 23:12:16 Line 543: Created user 'david@meyertechgroup.com' (ID: 20585)
2026/01/13 23:12:16 Line 543: Linked existing uploads for external ID '1786'
2026/01/13 23:12:17 Line 543: Error sending email to 'david@meyertechgroup.com': SMTP authentication failed: 454 4.7.0 Too many login attempts, please try again later. For more information,
4.7.0 go to
4.7.0  https://support.google.com/mail/answer/7126229 d9443c01a7336-2a3e3cd4a41sm87129935ad.100 - gsmtp
2026/01/13 23:12:17 Line 544: Error creating user 'kenneth.ng@mtsl.cpm.hk': ERROR: duplicate key value violates unique constraint "users_username_key" (SQLSTATE 23505)
2026/01/13 23:12:17 Line 545: User 'kmishima@herometa.com' already exists (ID: 20587), skipping
2026/01/13 23:12:18 Line 546: Created user 'queeryivy@mail-jim.cf' (ID: 20589)
2026/01/13 23:12:18 Line 546: Linked existing uploads for external ID '939'
2026/01/13 23:12:19 Line 546: Error sending email to 'queeryivy@mail-jim.cf': SMTP authentication failed: 454 4.7.0 Too many login attempts, please try again later. For more information,
4.7.0 go to
4.7.0  https://support.google.com/mail/answer/7126229 d9443c01a7336-2a3e3cc87f8sm201366235ad.77 - gsmtp
2026/01/13 23:12:19 Line 547: Created user 'nomuerdo@gmail.com' (ID: 20590)
2026/01/13 23:12:19 Line 547: Linked existing uploads for external ID '954'
2026/01/13 23:12:20 Line 547: Error sending email to 'nomuerdo@gmail.com': SMTP authentication failed: 454 4.7.0 Too many login attempts, please try again later. For more information,
4.7.0 go to
4.7.0  https://support.google.com/mail/answer/7126229 41be03b00d2f7-c57ded24df5sm9392978a12.1 - gsmtp
2026/01/13 23:12:20 Line 548: User 'garykhy@gmail.com' already exists (ID: 20592), skipping
2026/01/13 23:12:21 Line 549: Created user 'seblodgett@asij.ac.jp' (ID: 20593)
2026/01/13 23:12:21 Line 549: Linked existing uploads for external ID '910'
2026/01/13 23:12:22 Line 549: Error sending email to 'seblodgett@asij.ac.jp': SMTP authentication failed: 454 4.7.0 Too many login attempts, please try again later. For more information,
4.7.0 go to
4.7.0  https://support.google.com/mail/answer/7126229 d9443c01a7336-2a58d17a305sm22606215ad.58 - gsmtp
2026/01/13 23:12:22 Line 550: User 'wngurdl1264@naver.com' already exists (ID: 20594), skipping
2026/01/13 23:12:22 Line 551: Created user 'a.portela@gmail.com' (ID: 20595)
2026/01/13 23:12:22 Line 551: Linked existing uploads for external ID '429'
2026/01/13 23:12:24 Line 551: Error sending email to 'a.portela@gmail.com': SMTP authentication failed: 454 4.7.0 Too many login attempts, please try again later. For more information,
4.7.0 go to
4.7.0  https://support.google.com/mail/answer/7126229 d9443c01a7336-2a3e3cd4401sm205925875ad.92 - gsmtp
2026/01/13 23:12:24 Line 552: User 'jurgenwesterhoff@gmail.com' already exists (ID: 20596), skipping
2026/01/13 23:12:24 Line 553: Created user 'jon@fabricatorz.com' (ID: 20597)
2026/01/13 23:12:24 Line 553: Linked existing uploads for external ID '438'
2026/01/13 23:12:26 Line 553: Error sending email to 'jon@fabricatorz.com': SMTP authentication failed: 454 4.7.0 Too many login attempts, please try again later. For more information,
4.7.0 go to
4.7.0  https://support.google.com/mail/answer/7126229 41be03b00d2f7-c4cc8d29592sm20084051a12.22 - gsmtp
2026/01/13 23:12:26 Line 554: User 'wataira@gmail.com' already exists (ID: 20598), skipping
2026/01/13 23:12:26 Line 555: Created user 'louise.schintz.nelson55@gmail.com' (ID: 20599)
2026/01/13 23:12:26 Line 555: Linked existing uploads for external ID '436'
2026/01/13 23:12:27 Line 555: Error sending email to 'louise.schintz.nelson55@gmail.com': SMTP authentication failed: 454 4.7.0 Too many login attempts, please try again later. For more information,
4.7.0 go to
4.7.0  https://support.google.com/mail/answer/7126229 d2e1a72fcca58-81e7fd708fdsm11880854b3a.65 - gsmtp
2026/01/13 23:12:27 Line 556: User 'jonathanjwebber@gmail.com' already exists (ID: 20600), skipping
2026/01/13 23:12:28 Line 557: Error creating user 'k.gen@geniee.co.jp': ERROR: duplicate key value violates unique constraint "users_email_key" (SQLSTATE 23505)
2026/01/13 23:12:28 Line 558: Created user 'russdurkee1@gmail.com' (ID: 20603)
2026/01/13 23:12:28 Line 558: Linked existing uploads for external ID '655'
2026/01/13 23:12:29 Line 558: Error sending email to 'russdurkee1@gmail.com': SMTP authentication failed: 454 4.7.0 Too many login attempts, please try again later. For more information,
4.7.0 go to
4.7.0  https://support.google.com/mail/answer/7126229 98e67ed59e1d1-34f5f7b1cc1sm20389134a91.2 - gsmtp
2026/01/13 23:12:29 Line 559: User 'gmorg50@hotmail.com' already exists (ID: 20604), skipping
2026/01/13 23:12:30 Line 560: Created user 'chingi.chingis@gmail.com' (ID: 20605)
2026/01/13 23:12:30 Line 560: Linked existing uploads for external ID '1902'
2026/01/13 23:12:31 Line 560: Error sending email to 'chingi.chingis@gmail.com': SMTP authentication failed: 454 4.7.0 Too many login attempts, please try again later. For more information,
4.7.0 go to
4.7.0  https://support.google.com/mail/answer/7126229 d2e1a72fcca58-81f73c27d18sm2098772b3a.46 - gsmtp
2026/01/13 23:12:31 Line 561: User 'detivsporte@yandex.ru' already exists (ID: 20606), skipping
2026/01/13 23:12:31 Line 562: Created user 'merlins.post@web.de' (ID: 20607)
2026/01/13 23:12:31 Line 562: Linked existing uploads for external ID '1012'
2026/01/13 23:12:32 Line 562: Error sending email to 'merlins.post@web.de': SMTP authentication failed: 454 4.7.0 Too many login attempts, please try again later. For more information,
4.7.0 go to
4.7.0  https://support.google.com/mail/answer/7126229 d9443c01a7336-2a3e3cc8888sm202297085ad.76 - gsmtp
2026/01/13 23:12:32 Line 563: Created user 'tlseodyd@gmail.com' (ID: 20608)
2026/01/13 23:12:32 Line 563: Linked existing uploads for external ID '1819'
2026/01/13 23:12:33 Line 563: Error sending email to 'tlseodyd@gmail.com': SMTP authentication failed: 454 4.7.0 Too many login attempts, please try again later. For more information,
4.7.0 go to
4.7.0  https://support.google.com/mail/answer/7126229 d9443c01a7336-2a3e3c3ae21sm199451675ad.7 - gsmtp
2026/01/13 23:12:33 Line 564: User 'yoshizawa.toshio@nsg.gr.jp' already exists (ID: 20610), skipping
2026/01/13 23:12:34 Line 565: Created user 'seitai@seitaijp.org' (ID: 20611)
2026/01/13 23:12:34 Line 565: Linked existing uploads for external ID '238'
2026/01/13 23:12:35 Line 565: Error sending email to 'seitai@seitaijp.org': SMTP authentication failed: 454 4.7.0 Too many login attempts, please try again later. For more information,
4.7.0 go to
4.7.0  https://support.google.com/mail/answer/7126229 d2e1a72fcca58-81d9b88caf5sm4858805b3a.4 - gsmtp
2026/01/13 23:12:35 Line 566: User 'jimmysnielsen@ginishi.dk' already exists (ID: 20612), skipping
2026/01/13 23:12:35 Line 567: Created user 'paul.alan.fannon@gmail.com' (ID: 20613)
2026/01/13 23:12:35 Line 567: Linked existing uploads for external ID '1707'
2026/01/13 23:12:36 Line 567: Error sending email to 'paul.alan.fannon@gmail.com': SMTP authentication failed: 454 4.7.0 Too many login attempts, please try again later. For more information,
4.7.0 go to
4.7.0  https://support.google.com/mail/answer/7126229 d2e1a72fcca58-819c52fd904sm20634298b3a.33 - gsmtp
2026/01/13 23:12:36 Line 568: User 'j.wallius@live.co.uk' already exists (ID: 20614), skipping
2026/01/13 23:12:37 Line 569: Created user 'dave@shoottokyo.com' (ID: 20615)
2026/01/13 23:12:37 Line 569: Linked existing uploads for external ID '423'
2026/01/13 23:12:38 Line 569: Error sending email to 'dave@shoottokyo.com': SMTP authentication failed: 454 4.7.0 Too many login attempts, please try again later. For more information,
4.7.0 go to
4.7.0  https://support.google.com/mail/answer/7126229 41be03b00d2f7-c4cc05cd87asm20206425a12.15 - gsmtp
2026/01/13 23:12:38 Line 570: Created user 'miloshevich@dehydrator.tech' (ID: 20616)
2026/01/13 23:12:38 Line 570: Linked existing uploads for external ID '1700'
2026/01/13 23:12:39 Line 570: Error sending email to 'miloshevich@dehydrator.tech': SMTP authentication failed: 454 4.7.0 Too many login attempts, please try again later. For more information,
4.7.0 go to
4.7.0  https://support.google.com/mail/answer/7126229 d9443c01a7336-2a3e3c3a303sm202320325ad.5 - gsmtp
2026/01/13 23:12:39 Line 571: User 'fabrizio.sestini@ec.europa.eu' already exists (ID: 20618), skipping
2026/01/13 23:12:39 Line 572: Error creating user 'wataira@gmai.com': ERROR: duplicate key value violates unique constraint "users_username_key" (SQLSTATE 23505)
2026/01/13 23:12:39 Line 573: Created user 'letsgonow4321@yahoo.com' (ID: 20620)
2026/01/13 23:12:39 Line 573: Linked existing uploads for external ID '435'
2026/01/13 23:12:40 Line 573: Error sending email to 'letsgonow4321@yahoo.com': SMTP authentication failed: 454 4.7.0 Too many login attempts, please try again later. For more information,
4.7.0 go to
4.7.0  https://support.google.com/mail/answer/7126229 d9443c01a7336-2a3e3c3a512sm206275255ad.10 - gsmtp
2026/01/13 23:12:40 Line 574: User 'kyusai-hikari@jcom.zaq.ne.jp' already exists (ID: 20622), skipping
2026/01/13 23:12:41 Line 575: Created user 'justin.greig@gmail.com' (ID: 20623)
2026/01/13 23:12:41 Line 575: Linked existing uploads for external ID '844'
2026/01/13 23:12:42 Line 575: Error sending email to 'justin.greig@gmail.com': SMTP authentication failed: 454 4.7.0 Too many login attempts, please try again later. For more information,
4.7.0 go to
4.7.0  https://support.google.com/mail/answer/7126229 98e67ed59e1d1-34f5f88e952sm20511699a91.11 - gsmtp
2026/01/13 23:12:42 Line 576: User 'da5e6617@mail.ru' already exists (ID: 20624), skipping
2026/01/13 23:12:42 Line 577: Created user 'fong.myles@gmail.com' (ID: 20625)
2026/01/13 23:12:42 Line 577: Linked existing uploads for external ID '1371'
2026/01/13 23:12:44 Line 577: Error sending email to 'fong.myles@gmail.com': SMTP authentication failed: 454 4.7.0 Too many login attempts, please try again later. For more information,
4.7.0 go to
4.7.0  https://support.google.com/mail/answer/7126229 d9443c01a7336-2a3e3cb2d6csm205071525ad.64 - gsmtp
2026/01/13 23:12:44 Line 578: User 'alex@stintzing.net' already exists (ID: 20626), skipping
2026/01/13 23:12:44 Line 579: Created user 'pfinman@lcfamps.com' (ID: 20627)
2026/01/13 23:12:44 Line 579: Linked existing uploads for external ID '1081'
2026/01/13 23:12:46 Line 579: Error sending email to 'pfinman@lcfamps.com': SMTP authentication failed: 454 4.7.0 Too many login attempts, please try again later. For more information,
4.7.0 go to
4.7.0  https://support.google.com/mail/answer/7126229 98e67ed59e1d1-34f5f7c4141sm20346951a91.6 - gsmtp
2026/01/13 23:12:46 Line 580: User 'patjani@hotmail.com' already exists (ID: 20628), skipping
2026/01/13 23:12:46 Line 581: Created user 'dillchan@gmail.com' (ID: 20629)
2026/01/13 23:12:46 Line 581: Linked existing uploads for external ID '658'
2026/01/13 23:12:48 Line 581: Error sending email to 'dillchan@gmail.com': SMTP authentication failed: 454 4.7.0 Too many login attempts, please try again later. For more information,
4.7.0 go to
4.7.0  https://support.google.com/mail/answer/7126229 d9443c01a7336-2a3e3c47221sm201781205ad.23 - gsmtp
2026/01/13 23:12:48 Line 582: User 'meeshmon@gmail.com' already exists (ID: 20631), skipping
2026/01/13 23:12:48 Line 583: Error creating user 'ba.lya.s.ovko.ns.t.antin75@gmail.com': ERROR: duplicate key value violates unique constraint "users_username_key" (SQLSTATE 23505)
2026/01/13 23:12:48 Line 584: Created user 'helen@shuttleworthfoundation.org' (ID: 20633)
2026/01/13 23:12:48 Line 584: Linked existing uploads for external ID '892'
2026/01/13 23:12:50 Line 584: Error sending email to 'helen@shuttleworthfoundation.org': SMTP authentication failed: 454 4.7.0 Too many login attempts, please try again later. For more information,
4.7.0 go to
4.7.0  https://support.google.com/mail/answer/7126229 d9443c01a7336-2a3e3c48c15sm200687685ad.27 - gsmtp
2026/01/13 23:12:50 Line 585: User 'musti@irnas.eu' already exists (ID: 20635), skipping
2026/01/13 23:12:50 Line 586: Created user 'mcel_90@hotmail.com' (ID: 20636)
2026/01/13 23:12:50 Line 586: Linked existing uploads for external ID '601'
2026/01/13 23:12:52 Line 586: Error sending email to 'mcel_90@hotmail.com': SMTP authentication failed: 454 4.7.0 Too many login attempts, please try again later. For more information,
4.7.0 go to
4.7.0  https://support.google.com/mail/answer/7126229 d2e1a72fcca58-81f2347e3edsm10116476b3a.49 - gsmtp
2026/01/13 23:12:52 Line 587: User 'mickael.duburc@irsn.fr' already exists (ID: 20637), skipping
2026/01/13 23:12:52 Line 588: Created user 'rstaton@sbcglobal.net' (ID: 20638)
2026/01/13 23:12:52 Line 588: Linked existing uploads for external ID '447'
2026/01/13 23:12:53 Line 588: Error sending email to 'rstaton@sbcglobal.net': SMTP authentication failed: 454 4.7.0 Too many login attempts, please try again later. For more information,
4.7.0 go to
4.7.0  https://support.google.com/mail/answer/7126229 41be03b00d2f7-c4cc95d5dbfsm20045502a12.27 - gsmtp
2026/01/13 23:12:53 Line 589: User 'm.a.sha.ko.h.1.23.2@gmail.com' already exists (ID: 20639), skipping
2026/01/13 23:12:54 Line 590: Created user 'graham@jahiel.net' (ID: 20640)
2026/01/13 23:12:54 Line 590: Linked existing uploads for external ID '440'
2026/01/13 23:12:55 Line 590: Error sending email to 'graham@jahiel.net': SMTP authentication failed: 454 4.7.0 Too many login attempts, please try again later. For more information,
4.7.0 go to
4.7.0  https://support.google.com/mail/answer/7126229 d2e1a72fcca58-81f43460f1esm8898854b3a.59 - gsmtp
2026/01/13 23:12:55 Line 591: User 'mail@layoutfabrik.net' already exists (ID: 20641), skipping
2026/01/13 23:12:55 Line 592: Created user 'nakashima.m@gmail.com' (ID: 20642)
2026/01/13 23:12:55 Line 592: Linked existing uploads for external ID '603'
2026/01/13 23:12:57 Line 592: Error sending email to 'nakashima.m@gmail.com': SMTP authentication failed: 454 4.7.0 Too many login attempts, please try again later. For more information,
4.7.0 go to
4.7.0  https://support.google.com/mail/answer/7126229 d9443c01a7336-2a3e3cd46a9sm205777755ad.93 - gsmtp
2026/01/13 23:12:57 Line 593: User 'andario@gmx.de' already exists (ID: 20643), skipping
2026/01/13 23:12:57 Line 594: Created user 'info@newmedicforum.com' (ID: 20644)
2026/01/13 23:12:57 Line 594: Linked existing uploads for external ID '880'
2026/01/13 23:12:59 Line 594: Error sending email to 'info@newmedicforum.com': SMTP authentication failed: 454 4.7.0 Too many login attempts, please try again later. For more information,
4.7.0 go to
4.7.0  https://support.google.com/mail/answer/7126229 d2e1a72fcca58-819c59e826asm20687440b3a.54 - gsmtp
2026/01/13 23:12:59 Line 595: User 'collierd@nsuok.edu' already exists (ID: 20645), skipping
2026/01/13 23:12:59 Line 596: Error creating user 'rinaldo@iki.fi': ERROR: duplicate key value violates unique constraint "users_email_key" (SQLSTATE 23505)
2026/01/13 23:12:59 Line 597: Created user 'kozima.hirosi@white.plala.or.jp' (ID: 20648)
2026/01/13 23:12:59 Line 597: Linked existing uploads for external ID '558'
2026/01/13 23:13:01 Line 597: Error sending email to 'kozima.hirosi@white.plala.or.jp': SMTP authentication failed: 454 4.7.0 Too many login attempts, please try again later. For more information,
4.7.0 go to
4.7.0  https://support.google.com/mail/answer/7126229 98e67ed59e1d1-34f5fa78f4asm20317915a91.3 - gsmtp
2026/01/13 23:13:01 Line 598: User 'champion-lp@ok.de' already exists (ID: 20649), skipping
2026/01/13 23:13:01 Line 599: Created user 'webcontent-moritz@kuett.name' (ID: 20650)
2026/01/13 23:13:01 Line 599: Linked existing uploads for external ID '543'
2026/01/13 23:13:02 Line 599: Error sending email to 'webcontent-moritz@kuett.name': SMTP authentication failed: 454 4.7.0 Too many login attempts, please try again later. For more information,
4.7.0 go to
4.7.0  https://support.google.com/mail/answer/7126229 d2e1a72fcca58-819baa195e5sm161351b3a.3 - gsmtp
2026/01/13 23:13:02 Line 600: User 'kevin@beyondnuclear.org' already exists (ID: 20651), skipping
2026/01/13 23:13:03 Line 601: Created user 'thierry.degeling@gmail.com' (ID: 20652)
2026/01/13 23:13:03 Line 601: Linked existing uploads for external ID '556'
2026/01/13 23:13:04 Line 601: Error sending email to 'thierry.degeling@gmail.com': SMTP authentication failed: 454 4.7.0 Too many login attempts, please try again later. For more information,
4.7.0 go to
4.7.0  https://support.google.com/mail/answer/7126229 98e67ed59e1d1-34f5f8b1526sm20257896a91.14 - gsmtp
2026/01/13 23:13:04 Line 602: User 'alobachi@gmail.com' already exists (ID: 20653), skipping
2026/01/13 23:13:04 Line 603: Created user 'holkrs@gmail.com' (ID: 20654)
2026/01/13 23:13:04 Line 603: Linked existing uploads for external ID '1027'
2026/01/13 23:13:06 Line 603: Error sending email to 'holkrs@gmail.com': SMTP authentication failed: 454 4.7.0 Too many login attempts, please try again later. For more information,
4.7.0 go to
4.7.0  https://support.google.com/mail/answer/7126229 41be03b00d2f7-c59b024cfb4sm8005007a12.14 - gsmtp
2026/01/13 23:13:06 Line 604: User 'masaru_ogasawara@med.pref.aomori.jp' already exists (ID: 20655), skipping
2026/01/13 23:13:06 Line 605: Created user 'nzekdahl@gmail.com' (ID: 20656)
2026/01/13 23:13:06 Line 605: Linked existing uploads for external ID '570'
2026/01/13 23:13:07 Line 605: Error sending email to 'nzekdahl@gmail.com': SMTP authentication failed: 454 4.7.0 Too many login attempts, please try again later. For more information,
4.7.0 go to
4.7.0  https://support.google.com/mail/answer/7126229 d9443c01a7336-2a3e3c48c15sm200693285ad.27 - gsmtp
2026/01/13 23:13:07 Line 606: User 'takashi.oyagi@gmail.com' already exists (ID: 20657), skipping
2026/01/13 23:13:07 Line 607: Created user 'uhlenhoffm@gmx.de' (ID: 20658)
2026/01/13 23:13:07 Line 607: Linked existing uploads for external ID '2175'
2026/01/13 23:13:09 Line 607: Error sending email to 'uhlenhoffm@gmx.de': SMTP authentication failed: 454 4.7.0 Too many login attempts, please try again later. For more information,
4.7.0 go to
4.7.0  https://support.google.com/mail/answer/7126229 98e67ed59e1d1-34f5fb7419csm20484758a91.13 - gsmtp
2026/01/13 23:13:09 Line 608: User 'imeyb@yahoo.fr' already exists (ID: 20659), skipping
2026/01/13 23:13:09 Line 609: Created user 'afunuju@asdooeemail.com' (ID: 20660)
2026/01/13 23:13:09 Line 609: Linked existing uploads for external ID '877'
2026/01/13 23:13:10 Line 609: Error sending email to 'afunuju@asdooeemail.com': SMTP authentication failed: 454 4.7.0 Too many login attempts, please try again later. For more information,
4.7.0 go to
4.7.0  https://support.google.com/mail/answer/7126229 98e67ed59e1d1-34f5fa93ee7sm20169705a91.7 - gsmtp
2026/01/13 23:13:10 Line 610: User 'ttdrymen@aol.com' already exists (ID: 20661), skipping
2026/01/13 23:13:11 Line 611: Created user 'yayoi.eguchi@gmal.com' (ID: 20662)
2026/01/13 23:13:11 Line 611: Linked existing uploads for external ID '1227'
2026/01/13 23:13:12 Line 611: Error sending email to 'yayoi.eguchi@gmal.com': SMTP authentication failed: 454 4.7.0 Too many login attempts, please try again later. For more information,
4.7.0 go to
4.7.0  https://support.google.com/mail/answer/7126229 d2e1a72fcca58-81f66f9cf38sm4239834b3a.53 - gsmtp
2026/01/13 23:13:12 Line 612: User 'safecast.org@the-bordello.com' already exists (ID: 20663), skipping
2026/01/13 23:13:12 Line 613: Created user 'jeremie.bellot@gmail.com' (ID: 20664)
2026/01/13 23:13:12 Line 613: Linked existing uploads for external ID '659'
2026/01/13 23:13:14 Line 613: Error sending email to 'jeremie.bellot@gmail.com': SMTP authentication failed: 454 4.7.0 Too many login attempts, please try again later. For more information,
4.7.0 go to
4.7.0  https://support.google.com/mail/answer/7126229 d9443c01a7336-2a3e3cc8d76sm202412625ad.84 - gsmtp
2026/01/13 23:13:14 Line 614: User 'sokuteimiyagi@kni.biglobe.ne.jp' already exists (ID: 20665), skipping
2026/01/13 23:13:14 Line 615: Created user 'd_58@live.nl' (ID: 20666)
2026/01/13 23:13:14 Line 615: Linked existing uploads for external ID '3883'
2026/01/13 23:13:15 Line 615: Error sending email to 'd_58@live.nl': SMTP authentication failed: 454 4.7.0 Too many login attempts, please try again later. For more information,
4.7.0 go to
4.7.0  https://support.google.com/mail/answer/7126229 98e67ed59e1d1-34f5fb64d68sm8029625a91.12 - gsmtp
2026/01/13 23:13:16 Line 616: Error creating user 'safecast@furius.ca': ERROR: duplicate key value violates unique constraint "users_username_key" (SQLSTATE 23505)
2026/01/13 23:13:16 Line 617: User 'chateaubeck@netzero.net' already exists (ID: 20668), skipping
2026/01/13 23:13:16 Line 618: Created user 'arinc@mac.com' (ID: 20670)
2026/01/13 23:13:16 Line 618: Linked existing uploads for external ID '1024'
2026/01/13 23:13:17 Line 618: Error sending email to 'arinc@mac.com': SMTP authentication failed: 454 4.7.0 Too many login attempts, please try again later. For more information,
4.7.0 go to
4.7.0  https://support.google.com/mail/answer/7126229 d9443c01a7336-2a3e3cc8888sm202311795ad.76 - gsmtp
2026/01/13 23:13:17 Line 619: User 'gryrock@gmail.com' already exists (ID: 20671), skipping
2026/01/13 23:13:17 Line 620: Created user 'm.h@trosho.ch' (ID: 20672)
2026/01/13 23:13:17 Line 620: Linked existing uploads for external ID '899'
2026/01/13 23:13:19 Line 620: Error sending email to 'm.h@trosho.ch': SMTP authentication failed: 454 4.7.0 Too many login attempts, please try again later. For more information,
4.7.0 go to
4.7.0  https://support.google.com/mail/answer/7126229 41be03b00d2f7-c4cc8d2932bsm21049773a12.21 - gsmtp
2026/01/13 23:13:19 Line 621: User 'orlando@hawaiiwildfire.org' already exists (ID: 20673), skipping
2026/01/13 23:13:19 Line 622: Created user 'vincentvermeer@gmail.com' (ID: 20674)
2026/01/13 23:13:19 Line 622: Linked existing uploads for external ID '1235'
2026/01/13 23:13:21 Line 622: Error sending email to 'vincentvermeer@gmail.com': SMTP authentication failed: 454 4.7.0 Too many login attempts, please try again later. For more information,
4.7.0 go to
4.7.0  https://support.google.com/mail/answer/7126229 98e67ed59e1d1-34f5f7c4118sm20002848a91.7 - gsmtp
2026/01/13 23:13:21 Line 623: User 'sebjahn@freenet.de' already exists (ID: 20675), skipping
2026/01/13 23:13:21 Line 624: Created user 'smouflike@hotmail.fr' (ID: 20676)
2026/01/13 23:13:21 Line 624: Linked existing uploads for external ID '1102'
2026/01/13 23:13:23 Line 624: Error sending email to 'smouflike@hotmail.fr': SMTP authentication failed: 454 4.7.0 Too many login attempts, please try again later. For more information,
4.7.0 go to
4.7.0  https://support.google.com/mail/answer/7126229 98e67ed59e1d1-34f5f88e952sm20513099a91.11 - gsmtp
2026/01/13 23:13:23 Line 625: User 'marcozennaro@gmail.com' already exists (ID: 20677), skipping
2026/01/13 23:13:23 Line 626: Created user 'pogo661@gmail.com' (ID: 20678)
2026/01/13 23:13:23 Line 626: Linked existing uploads for external ID '602'
2026/01/13 23:13:24 Line 626: Error sending email to 'pogo661@gmail.com': SMTP authentication failed: 454 4.7.0 Too many login attempts, please try again later. For more information,
4.7.0 go to
4.7.0  https://support.google.com/mail/answer/7126229 98e67ed59e1d1-35106956a9asm45557a91.10 - gsmtp
2026/01/13 23:13:24 Line 627: User 'pasaraki@gmail.com' already exists (ID: 20679), skipping
2026/01/13 23:13:25 Line 628: Created user 'wolfgang.stuchlik@freenet.de' (ID: 20680)
2026/01/13 23:13:25 Line 628: Linked existing uploads for external ID '2097'
2026/01/13 23:13:26 Line 628: Error sending email to 'wolfgang.stuchlik@freenet.de': SMTP authentication failed: 454 4.7.0 Too many login attempts, please try again later. For more information,
4.7.0 go to
4.7.0  https://support.google.com/mail/answer/7126229 98e67ed59e1d1-3510693df3fsm54865a91.5 - gsmtp
2026/01/13 23:13:26 Line 629: Error creating user 'm.as.h.a.k.o.h12.3.2@gmail.com': ERROR: duplicate key value violates unique constraint "users_username_key" (SQLSTATE 23505)
2026/01/13 23:13:26 Line 630: User 'eblack@whoi.edu' already exists (ID: 20682), skipping
2026/01/13 23:13:27 Line 631: Created user 'statmotakding1970@poczta.pl' (ID: 20684)
2026/01/13 23:13:27 Line 631: Linked existing uploads for external ID '1281'
2026/01/13 23:13:28 Line 631: Error sending email to 'statmotakding1970@poczta.pl': SMTP authentication failed: 454 4.7.0 Too many login attempts, please try again later. For more information,
4.7.0 go to
4.7.0  https://support.google.com/mail/answer/7126229 41be03b00d2f7-c4cc02ecfccsm20046929a12.13 - gsmtp
2026/01/13 23:13:28 Line 632: User 'camille.bijon@yahoo.fr' already exists (ID: 20685), skipping
2026/01/13 23:13:28 Line 633: Created user 'latestnews199@outlook.com' (ID: 20686)
2026/01/13 23:13:28 Line 633: Linked existing uploads for external ID '947'
2026/01/13 23:13:30 Line 633: Error sending email to 'latestnews199@outlook.com': SMTP authentication failed: 454 4.7.0 Too many login attempts, please try again later. For more information,
4.7.0 go to
4.7.0  https://support.google.com/mail/answer/7126229 d9443c01a7336-2a3e3cc8d76sm202417585ad.84 - gsmtp
2026/01/13 23:13:30 Line 634: User 's.y.cevanto.n7.48@gmail.com' already exists (ID: 20687), skipping
2026/01/13 23:13:30 Line 635: Error creating user 'peter.vanwyck@concordia.ca': ERROR: duplicate key value violates unique constraint "users_email_key" (SQLSTATE 23505)
2026/01/13 23:13:30 Line 636: Created user 'estoen@gmail.com' (ID: 20690)
2026/01/13 23:13:30 Line 636: Linked existing uploads for external ID '1547'
2026/01/13 23:13:32 Line 636: Error sending email to 'estoen@gmail.com': SMTP authentication failed: 454 4.7.0 Too many login attempts, please try again later. For more information,
4.7.0 go to
4.7.0  https://support.google.com/mail/answer/7126229 98e67ed59e1d1-34f6b7b3e7fsm9477289a91.2 - gsmtp
2026/01/13 23:13:32 Line 637: Error creating user 'mike@mike.to': ERROR: duplicate key value violates unique constraint "users_email_key" (SQLSTATE 23505)
2026/01/13 23:13:32 Line 638: Created user 'bobspouch@aol.com' (ID: 20693)
2026/01/13 23:13:32 Line 638: Linked existing uploads for external ID '2127'
2026/01/13 23:13:33 Line 638: Error sending email to 'bobspouch@aol.com': SMTP authentication failed: 454 4.7.0 Too many login attempts, please try again later. For more information,
4.7.0 go to
4.7.0  https://support.google.com/mail/answer/7126229 98e67ed59e1d1-34f5fb64d7asm19953488a91.11 - gsmtp
2026/01/13 23:13:33 Line 639: Created user 'giridha2@illinois.edu' (ID: 20694)
2026/01/13 23:13:33 Line 639: Linked existing uploads for external ID '475'
2026/01/13 23:13:35 Line 639: Error sending email to 'giridha2@illinois.edu': SMTP authentication failed: 454 4.7.0 Too many login attempts, please try again later. For more information,
4.7.0 go to
4.7.0  https://support.google.com/mail/answer/7126229 d9443c01a7336-2a3e3c49299sm200113475ad.42 - gsmtp
2026/01/13 23:13:35 Line 640: User 'chiyodon@gmail.com' already exists (ID: 20696), skipping
2026/01/13 23:13:35 Line 641: Created user 'will@nowhere.co.jp' (ID: 20697)
2026/01/13 23:13:35 Line 641: Linked existing uploads for external ID '264'
2026/01/13 23:13:36 Line 641: Error sending email to 'will@nowhere.co.jp': SMTP authentication failed: 454 4.7.0 Too many login attempts, please try again later. For more information,
4.7.0 go to
4.7.0  https://support.google.com/mail/answer/7126229 d9443c01a7336-2a3e3cd4401sm205950315ad.92 - gsmtp
2026/01/13 23:13:36 Line 642: User 'evan3rd@gmail.com' already exists (ID: 20698), skipping
2026/01/13 23:13:37 Line 643: Created user 'shop@umamimart.com' (ID: 20699)
2026/01/13 23:13:37 Line 643: Linked existing uploads for external ID '957'
2026/01/13 23:13:38 Line 643: Error sending email to 'shop@umamimart.com': SMTP authentication failed: 454 4.7.0 Too many login attempts, please try again later. For more information,
4.7.0 go to
4.7.0  https://support.google.com/mail/answer/7126229 d9443c01a7336-2a3f3115682sm168751035ad.55 - gsmtp
2026/01/13 23:13:38 Line 644: User 'ivan.stout@gmail.com' already exists (ID: 20700), skipping
2026/01/13 23:13:38 Line 645: Created user 'dev@nowhere.co.jp' (ID: 20701)
2026/01/13 23:13:38 Line 645: Linked existing uploads for external ID '834'
2026/01/13 23:13:40 Line 645: Error sending email to 'dev@nowhere.co.jp': SMTP authentication failed: 454 4.7.0 Too many login attempts, please try again later. For more information,
4.7.0 go to
4.7.0  https://support.google.com/mail/answer/7126229 d9443c01a7336-2a3e3c3a507sm200585395ad.3 - gsmtp
2026/01/13 23:13:40 Line 646: User 'kharp001@ucr.edu' already exists (ID: 20702), skipping
2026/01/13 23:13:40 Line 647: Created user 'moonchanter48@gmail.com' (ID: 20703)
2026/01/13 23:13:40 Line 647: Linked existing uploads for external ID '473'
2026/01/13 23:13:42 Line 647: Error sending email to 'moonchanter48@gmail.com': SMTP authentication failed: 454 4.7.0 Too many login attempts, please try again later. For more information,
4.7.0 go to
4.7.0  https://support.google.com/mail/answer/7126229 d9443c01a7336-2a3e3cb2debsm205095075ad.65 - gsmtp
2026/01/13 23:13:42 Line 648: User 'fablab.dynamic@gmail.com' already exists (ID: 20704), skipping
2026/01/13 23:13:42 Line 649: Created user 'josefprinciotta@gmail.com' (ID: 20705)
2026/01/13 23:13:42 Line 649: Linked existing uploads for external ID '571'
2026/01/13 23:13:43 Line 649: Error sending email to 'josefprinciotta@gmail.com': SMTP authentication failed: 454 4.7.0 Too many login attempts, please try again later. For more information,
4.7.0 go to
4.7.0  https://support.google.com/mail/answer/7126229 98e67ed59e1d1-351067d3a10sm75424a91.3 - gsmtp
2026/01/13 23:13:43 Line 650: User 'mobileuser@shaw.ca' already exists (ID: 20706), skipping
2026/01/13 23:13:44 Line 651: Error creating user 'tsuielite@gmail.com': ERROR: duplicate key value violates unique constraint "users_email_key" (SQLSTATE 23505)
2026/01/13 23:13:44 Line 652: Created user 'matthiasschmailzl@gmx.de' (ID: 20709)
2026/01/13 23:13:44 Line 652: Linked existing uploads for external ID '1056'
2026/01/13 23:13:45 Line 652: Error sending email to 'matthiasschmailzl@gmx.de': SMTP authentication failed: 454 4.7.0 Too many login attempts, please try again later. For more information,
4.7.0 go to
4.7.0  https://support.google.com/mail/answer/7126229 98e67ed59e1d1-34f5f7b1d81sm20364067a91.1 - gsmtp
2026/01/13 23:13:45 Line 653: User 'ulftorio@gmail.com' already exists (ID: 20710), skipping
2026/01/13 23:13:46 Line 654: Created user 'tonycfchan@gmail.com' (ID: 20711)
2026/01/13 23:13:46 Line 654: Linked existing uploads for external ID '1048'
2026/01/13 23:13:47 Line 654: Error sending email to 'tonycfchan@gmail.com': SMTP authentication failed: 454 4.7.0 Too many login attempts, please try again later. For more information,
4.7.0 go to
4.7.0  https://support.google.com/mail/answer/7126229 d9443c01a7336-2a3e3c47221sm201800385ad.23 - gsmtp
2026/01/13 23:13:47 Line 655: Created user 'dxlogan@riseup.net' (ID: 20712)
2026/01/13 23:13:47 Line 655: Linked existing uploads for external ID '1715'
2026/01/13 23:13:48 Line 655: Error sending email to 'dxlogan@riseup.net': SMTP authentication failed: 454 4.7.0 Too many login attempts, please try again later. For more information,
4.7.0 go to
4.7.0  https://support.google.com/mail/answer/7126229 d9443c01a7336-2a3e3cc7912sm205926755ad.67 - gsmtp
2026/01/13 23:13:48 Line 656: User 'thomas@comberry.com' already exists (ID: 20714), skipping
2026/01/13 23:13:48 Line 657: Created user 'yolwrinny@cheapvia50mg.com' (ID: 20715)
2026/01/13 23:13:48 Line 657: Linked existing uploads for external ID '1582'
2026/01/13 23:13:50 Line 657: Error sending email to 'yolwrinny@cheapvia50mg.com': SMTP authentication failed: 454 4.7.0 Too many login attempts, please try again later. For more information,
4.7.0 go to
4.7.0  https://support.google.com/mail/answer/7126229 98e67ed59e1d1-351067d3a05sm77831a91.1 - gsmtp
2026/01/13 23:13:50 Line 658: User 'jawang@aut.ac.nz' already exists (ID: 20716), skipping
2026/01/13 23:13:50 Line 659: Created user 'dursh_tayo@hotmail.com' (ID: 20717)
2026/01/13 23:13:50 Line 659: Linked existing uploads for external ID '3151'
2026/01/13 23:13:51 Line 659: Error sending email to 'dursh_tayo@hotmail.com': SMTP authentication failed: 454 4.7.0 Too many login attempts, please try again later. For more information,
4.7.0 go to
4.7.0  https://support.google.com/mail/answer/7126229 d9443c01a7336-2a3e3cc8dd2sm201655545ad.82 - gsmtp
2026/01/13 23:13:51 Line 660: User 'ermanno@ictp.it' already exists (ID: 20718), skipping
2026/01/13 23:13:52 Line 661: Created user 'jpetts@gmail.com' (ID: 20719)
2026/01/13 23:13:52 Line 661: Linked existing uploads for external ID '964'
2026/01/13 23:13:53 Line 661: Error sending email to 'jpetts@gmail.com': SMTP authentication failed: 454 4.7.0 Too many login attempts, please try again later. For more information,
4.7.0 go to
4.7.0  https://support.google.com/mail/answer/7126229 d9443c01a7336-2a3e3c491e7sm205396655ad.38 - gsmtp
2026/01/13 23:13:53 Line 662: Error creating user 'm.baca@yahoo.es': ERROR: duplicate key value violates unique constraint "users_username_key" (SQLSTATE 23505)
2026/01/13 23:13:53 Line 663: User 'robkeri@gmail.com' already exists (ID: 20721), skipping
2026/01/13 23:13:54 Line 664: Created user 'martin.palat@nuvia.cz' (ID: 20723)
2026/01/13 23:13:54 Line 664: Linked existing uploads for external ID '1182'
2026/01/13 23:13:55 Line 664: Error sending email to 'martin.palat@nuvia.cz': SMTP authentication failed: 454 4.7.0 Too many login attempts, please try again later. For more information,
4.7.0 go to
4.7.0  https://support.google.com/mail/answer/7126229 d9443c01a7336-2a3e3ba03f9sm201720305ad.0 - gsmtp
2026/01/13 23:13:55 Line 665: User 'melagt@gmail.com' already exists (ID: 20724), skipping
2026/01/13 23:13:55 Line 666: Created user 'kal.iostro.226.6@googlemail.com' (ID: 20725)
2026/01/13 23:13:55 Line 666: Linked existing uploads for external ID '830'
2026/01/13 23:13:57 Line 666: Error sending email to 'kal.iostro.226.6@googlemail.com': SMTP authentication failed: 454 4.7.0 Too many login attempts, please try again later. For more information,
4.7.0 go to
4.7.0  https://support.google.com/mail/answer/7126229 41be03b00d2f7-c4cc96ca7a9sm20151678a12.25 - gsmtp
2026/01/13 23:13:57 Line 667: User 'onduvilla@yandex.ru' already exists (ID: 20726), skipping
2026/01/13 23:13:57 Line 668: Created user 'hans.knaus@aon.at' (ID: 20727)
2026/01/13 23:13:57 Line 668: Linked existing uploads for external ID '2128'
2026/01/13 23:13:59 Line 668: Error sending email to 'hans.knaus@aon.at': SMTP authentication failed: 454 4.7.0 Too many login attempts, please try again later. For more information,
4.7.0 go to
4.7.0  https://support.google.com/mail/answer/7126229 98e67ed59e1d1-34f5fa955f7sm20512682a91.8 - gsmtp
2026/01/13 23:13:59 Line 669: User 'tonyiw@netvigator.com' already exists (ID: 20728), skipping
2026/01/13 23:13:59 Line 670: Created user 'liukingsley14@gmail.com' (ID: 20729)
2026/01/13 23:13:59 Line 670: Linked existing uploads for external ID '924'
2026/01/13 23:14:00 Line 670: Error sending email to 'liukingsley14@gmail.com': SMTP authentication failed: 454 4.7.0 Too many login attempts, please try again later. For more information,
4.7.0 go to
4.7.0  https://support.google.com/mail/answer/7126229 d2e1a72fcca58-81f46882d19sm8447679b3a.63 - gsmtp
2026/01/13 23:14:00 Line 671: User 'jgould@asij.ac.jp' already exists (ID: 20730), skipping
2026/01/13 23:14:00 Line 672: Created user 'narcissovplaton@mail.ru' (ID: 20731)
2026/01/13 23:14:00 Line 672: Linked existing uploads for external ID '1762'
2026/01/13 23:14:02 Line 672: Error sending email to 'narcissovplaton@mail.ru': SMTP authentication failed: 454 4.7.0 Too many login attempts, please try again later. For more information,
4.7.0 go to
4.7.0  https://support.google.com/mail/answer/7126229 d9443c01a7336-2a3e3c3a303sm202347245ad.5 - gsmtp
2026/01/13 23:14:02 Line 673: User 'aviqor@asdooeemail.com' already exists (ID: 20732), skipping
2026/01/13 23:14:02 Line 674: Created user 'scizik@freenet.de' (ID: 20733)
2026/01/13 23:14:02 Line 674: Linked existing uploads for external ID '2176'
ine 619: Linked existing uploads for external ID '629'
2026/01/13 23:13:18 Line 619: Error sending email to 'gryrock@gmail.com': SMTP authentication failed: 454 4.7.0 Too many login attempts, please try again later. For more information,
4.7.0 go to
4.7.0  https://support.google.com/mail/answer/7126229 d9443c01a7336-2a3e3c3abb0sm206426095ad.11 - gsmtp
2026/01/13 23:13:18 Line 620: User 'm.h@trosho.ch' already exists (ID: 20672), skipping
2026/01/13 23:13:18 Line 621: Created user 'orlando@hawaiiwildfire.org' (ID: 20673)
2026/01/13 23:13:18 Line 621: Linked existing uploads for external ID '696'
2026/01/13 23:13:20 Line 621: Error sending email to 'orlando@hawaiiwildfire.org': SMTP authentication failed: 454 4.7.0 Too many login attempts, please try again later. For more information,
4.7.0 go to
4.7.0  https://support.google.com/mail/answer/7126229 98e67ed59e1d1-351067d3a10sm74959a91.3 - gsmtp
2026/01/13 23:13:20 Line 622: User 'vincentvermeer@gmail.com' already exists (ID: 20674), skipping
2026/01/13 23:13:20 Line 623: Created user 'sebjahn@freenet.de' (ID: 20675)
2026/01/13 23:13:20 Line 623: Linked existing uploads for external ID '2181'
2026/01/13 23:13:22 Line 623: Error sending email to 'sebjahn@freenet.de': SMTP authentication failed: 454 4.7.0 Too many login attempts, please try again later. For more information,
4.7.0 go to
4.7.0  https://support.google.com/mail/answer/7126229 98e67ed59e1d1-34f5f8b0d7esm20296458a91.16 - gsmtp
2026/01/13 23:13:22 Line 624: User 'smouflike@hotmail.fr' already exists (ID: 20676), skipping
2026/01/13 23:13:22 Line 625: Created user 'marcozennaro@gmail.com' (ID: 20677)
2026/01/13 23:13:22 Line 625: Linked existing uploads for external ID '963'
2026/01/13 23:13:23 Line 625: Error sending email to 'marcozennaro@gmail.com': SMTP authentication failed: 454 4.7.0 Too many login attempts, please try again later. For more information,
4.7.0 go to
4.7.0  https://support.google.com/mail/answer/7126229 d9443c01a7336-2a3e3cb2dd4sm200256115ad.47 - gsmtp
2026/01/13 23:13:23 Line 626: User 'pogo661@gmail.com' already exists (ID: 20678), skipping
2026/01/13 23:13:23 Line 627: Created user 'pasaraki@gmail.com' (ID: 20679)
2026/01/13 23:13:23 Line 627: Linked existing uploads for external ID '580'
2026/01/13 23:13:25 Line 627: Error sending email to 'pasaraki@gmail.com': SMTP authentication failed: 454 4.7.0 Too many login attempts, please try again later. For more information,
4.7.0 go to
4.7.0  https://support.google.com/mail/answer/7126229 98e67ed59e1d1-351068ce589sm57297a91.1 - gsmtp
2026/01/13 23:13:25 Line 628: User 'wolfgang.stuchlik@freenet.de' already exists (ID: 20680), skipping
2026/01/13 23:13:25 Line 629: Error creating user 'm.as.h.a.k.o.h12.3.2@gmail.com': ERROR: duplicate key value violates unique constraint "users_username_key" (SQLSTATE 23505)
2026/01/13 23:13:25 Line 630: Created user 'eblack@whoi.edu' (ID: 20682)
2026/01/13 23:13:25 Line 630: Linked existing uploads for external ID '622'
2026/01/13 23:13:27 Line 630: Error sending email to 'eblack@whoi.edu': SMTP authentication failed: 454 4.7.0 Too many login attempts, please try again later. For more information,
4.7.0 go to
4.7.0  https://support.google.com/mail/answer/7126229 98e67ed59e1d1-34f5fa947ecsm20315801a91.6 - gsmtp
2026/01/13 23:13:27 Line 631: User 'statmotakding1970@poczta.pl' already exists (ID: 20684), skipping
2026/01/13 23:13:27 Line 632: Created user 'camille.bijon@yahoo.fr' (ID: 20685)
2026/01/13 23:13:27 Line 632: Linked existing uploads for external ID '1142'
2026/01/13 23:13:28 Line 632: Error sending email to 'camille.bijon@yahoo.fr': SMTP authentication failed: 454 4.7.0 Too many login attempts, please try again later. For more information,
4.7.0 go to
4.7.0  https://support.google.com/mail/answer/7126229 41be03b00d2f7-c4cc95d5c66sm20081710a12.24 - gsmtp
2026/01/13 23:13:28 Line 633: User 'latestnews199@outlook.com' already exists (ID: 20686), skipping
2026/01/13 23:13:29 Line 634: Created user 's.y.cevanto.n7.48@gmail.com' (ID: 20687)
2026/01/13 23:13:29 Line 634: Linked existing uploads for external ID '1107'
2026/01/13 23:13:30 Line 634: Error sending email to 's.y.cevanto.n7.48@gmail.com': SMTP authentication failed: 454 4.7.0 Too many login attempts, please try again later. For more information,
4.7.0 go to
4.7.0  https://support.google.com/mail/answer/7126229 d9443c01a7336-2a3e3cb2f8asm205512295ad.57 - gsmtp
2026/01/13 23:13:30 Line 635: Created user 'peter.vanwyck@concordia.ca' (ID: 20688)
2026/01/13 23:13:30 Line 635: Linked existing uploads for external ID '1203'
2026/01/13 23:13:31 Line 635: Error sending email to 'peter.vanwyck@concordia.ca': SMTP authentication failed: 454 4.7.0 Too many login attempts, please try again later. For more information,
4.7.0 go to
4.7.0  https://support.google.com/mail/answer/7126229 98e67ed59e1d1-34f5f7b19ebsm20069877a91.3 - gsmtp
2026/01/13 23:13:31 Line 636: User 'estoen@gmail.com' already exists (ID: 20690), skipping
2026/01/13 23:13:32 Line 637: Created user 'mike@mike.to' (ID: 20691)
2026/01/13 23:13:32 Line 637: Linked existing uploads for external ID '589'
2026/01/13 23:13:33 Line 637: Error sending email to 'mike@mike.to': SMTP authentication failed: 454 4.7.0 Too many login attempts, please try again later. For more information,
4.7.0 go to
4.7.0  https://support.google.com/mail/answer/7126229 d9443c01a7336-2a3e3c48c2bsm200616545ad.26 - gsmtp
2026/01/13 23:13:33 Line 638: User 'bobspouch@aol.com' already exists (ID: 20693), skipping
2026/01/13 23:13:33 Line 639: Error creating user 'giridha2@illinois.edu': ERROR: duplicate key value violates unique constraint "users_email_key" (SQLSTATE 23505)
2026/01/13 23:13:34 Line 640: Created user 'chiyodon@gmail.com' (ID: 20696)
2026/01/13 23:13:34 Line 640: Linked existing uploads for external ID '585'
2026/01/13 23:13:35 Line 640: Error sending email to 'chiyodon@gmail.com': SMTP authentication failed: 454 4.7.0 Too many login attempts, please try again later. For more information,
4.7.0 go to
4.7.0  https://support.google.com/mail/answer/7126229 d9443c01a7336-2a3e3c3a303sm202338375ad.5 - gsmtp
2026/01/13 23:13:35 Line 641: User 'will@nowhere.co.jp' already exists (ID: 20697), skipping
2026/01/13 23:13:35 Line 642: Created user 'evan3rd@gmail.com' (ID: 20698)
2026/01/13 23:13:35 Line 642: Linked existing uploads for external ID '742'
2026/01/13 23:13:37 Line 642: Error sending email to 'evan3rd@gmail.com': SMTP authentication failed: 454 4.7.0 Too many login attempts, please try again later. For more information,
4.7.0 go to
4.7.0  https://support.google.com/mail/answer/7126229 d9443c01a7336-2a3e3cd3284sm205611215ad.91 - gsmtp
2026/01/13 23:13:37 Line 643: User 'shop@umamimart.com' already exists (ID: 20699), skipping
2026/01/13 23:13:37 Line 644: Created user 'ivan.stout@gmail.com' (ID: 20700)
2026/01/13 23:13:37 Line 644: Linked existing uploads for external ID '561'
2026/01/13 23:13:39 Line 644: Error sending email to 'ivan.stout@gmail.com': SMTP authentication failed: 454 4.7.0 Too many login attempts, please try again later. For more information,
4.7.0 go to
4.7.0  https://support.google.com/mail/answer/7126229 d9443c01a7336-2a3e3c39ef2sm207164875ad.14 - gsmtp
2026/01/13 23:13:39 Line 645: User 'dev@nowhere.co.jp' already exists (ID: 20701), skipping
2026/01/13 23:13:39 Line 646: Created user 'kharp001@ucr.edu' (ID: 20702)
2026/01/13 23:13:39 Line 646: Linked existing uploads for external ID '472'
2026/01/13 23:13:40 Line 646: Error sending email to 'kharp001@ucr.edu': SMTP authentication failed: 454 4.7.0 Too many login attempts, please try again later. For more information,
4.7.0 go to
4.7.0  https://support.google.com/mail/answer/7126229 98e67ed59e1d1-35106809682sm68519a91.3 - gsmtp
2026/01/13 23:13:40 Line 647: User 'moonchanter48@gmail.com' already exists (ID: 20703), skipping
2026/01/13 23:13:41 Line 648: Created user 'fablab.dynamic@gmail.com' (ID: 20704)
2026/01/13 23:13:41 Line 648: Linked existing uploads for external ID '889'
2026/01/13 23:13:42 Line 648: Error sending email to 'fablab.dynamic@gmail.com': SMTP authentication failed: 454 4.7.0 Too many login attempts, please try again later. For more information,
4.7.0 go to
4.7.0  https://support.google.com/mail/answer/7126229 d9443c01a7336-2a3e3cb2d93sm205315315ad.63 - gsmtp
2026/01/13 23:13:42 Line 649: User 'josefprinciotta@gmail.com' already exists (ID: 20705), skipping
2026/01/13 23:13:42 Line 650: Created user 'mobileuser@shaw.ca' (ID: 20706)
2026/01/13 23:13:42 Line 650: Linked existing uploads for external ID '477'
2026/01/13 23:13:43 Line 650: Error sending email to 'mobileuser@shaw.ca': SMTP authentication failed: 454 4.7.0 Too many login attempts, please try again later. For more information,
4.7.0 go to
4.7.0  https://support.google.com/mail/answer/7126229 98e67ed59e1d1-34f5fb64d7asm19953831a91.11 - gsmtp
2026/01/13 23:13:44 Line 651: Created user 'tsuielite@gmail.com' (ID: 20707)
2026/01/13 23:13:44 Line 651: Linked existing uploads for external ID '931'
2026/01/13 23:13:45 Line 651: Error sending email to 'tsuielite@gmail.com': SMTP authentication failed: 454 4.7.0 Too many login attempts, please try again later. For more information,
4.7.0 go to
4.7.0  https://support.google.com/mail/answer/7126229 d2e1a72fcca58-81efe4a95c7sm10477805b3a.37 - gsmtp
2026/01/13 23:13:45 Line 652: User 'matthiasschmailzl@gmx.de' already exists (ID: 20709), skipping
2026/01/13 23:13:45 Line 653: Created user 'ulftorio@gmail.com' (ID: 20710)
2026/01/13 23:13:45 Line 653: Linked existing uploads for external ID '553'
2026/01/13 23:13:47 Line 653: Error sending email to 'ulftorio@gmail.com': SMTP authentication failed: 454 4.7.0 Too many login attempts, please try again later. For more information,
4.7.0 go to
4.7.0  https://support.google.com/mail/answer/7126229 d2e1a72fcca58-81dab89f2a5sm13060463b3a.56 - gsmtp
2026/01/13 23:13:47 Line 654: User 'tonycfchan@gmail.com' already exists (ID: 20711), skipping
2026/01/13 23:13:47 Line 655: Error creating user 'dxlogan@riseup.net': ERROR: duplicate key value violates unique constraint "users_email_key" (SQLSTATE 23505)
2026/01/13 23:13:47 Line 656: Created user 'thomas@comberry.com' (ID: 20714)
2026/01/13 23:13:47 Line 656: Linked existing uploads for external ID '474'
2026/01/13 23:13:49 Line 656: Error sending email to 'thomas@comberry.com': SMTP authentication failed: 454 4.7.0 Too many login attempts, please try again later. For more information,
4.7.0 go to
4.7.0  https://support.google.com/mail/answer/7126229 41be03b00d2f7-c4cbf28f678sm20422647a12.3 - gsmtp
2026/01/13 23:13:49 Line 657: User 'yolwrinny@cheapvia50mg.com' already exists (ID: 20715), skipping
2026/01/13 23:13:49 Line 658: Created user 'jawang@aut.ac.nz' (ID: 20716)
2026/01/13 23:13:49 Line 658: Linked existing uploads for external ID '776'
2026/01/13 23:13:51 Line 658: Error sending email to 'jawang@aut.ac.nz': SMTP authentication failed: 454 4.7.0 Too many login attempts, please try again later. For more information,
4.7.0 go to
4.7.0  https://support.google.com/mail/answer/7126229 d2e1a72fcca58-81e150d6bf0sm12427230b3a.26 - gsmtp
2026/01/13 23:13:51 Line 659: User 'dursh_tayo@hotmail.com' already exists (ID: 20717), skipping
2026/01/13 23:13:51 Line 660: Created user 'ermanno@ictp.it' (ID: 20718)
2026/01/13 23:13:51 Line 660: Linked existing uploads for external ID '1058'
2026/01/13 23:13:52 Line 660: Error sending email to 'ermanno@ictp.it': SMTP authentication failed: 454 4.7.0 Too many login attempts, please try again later. For more information,
4.7.0 go to
4.7.0  https://support.google.com/mail/answer/7126229 d9443c01a7336-2a3e3c48931sm200087475ad.29 - gsmtp
2026/01/13 23:13:52 Line 661: User 'jpetts@gmail.com' already exists (ID: 20719), skipping
2026/01/13 23:13:52 Line 662: Error creating user 'm.baca@yahoo.es': ERROR: duplicate key value violates unique constraint "users_username_key" (SQLSTATE 23505)
2026/01/13 23:13:52 Line 663: Created user 'robkeri@gmail.com' (ID: 20721)
2026/01/13 23:13:52 Line 663: Linked existing uploads for external ID '1026'
2026/01/13 23:13:54 Line 663: Error sending email to 'robkeri@gmail.com': SMTP authentication failed: 454 4.7.0 Too many login attempts, please try again later. For more information,
4.7.0 go to
4.7.0  https://support.google.com/mail/answer/7126229 d2e1a72fcca58-81f32ccb4aesm10019411b3a.9 - gsmtp
2026/01/13 23:13:54 Line 664: User 'martin.palat@nuvia.cz' already exists (ID: 20723), skipping
2026/01/13 23:13:54 Line 665: Created user 'melagt@gmail.com' (ID: 20724)
2026/01/13 23:13:54 Line 665: Linked existing uploads for external ID '1060'
2026/01/13 23:13:56 Line 665: Error sending email to 'melagt@gmail.com': SMTP authentication failed: 454 4.7.0 Too many login attempts, please try again later. For more information,
4.7.0 go to
4.7.0  https://support.google.com/mail/answer/7126229 d2e1a72fcca58-81f36f88f4bsm10007582b3a.36 - gsmtp
2026/01/13 23:13:56 Line 666: User 'kal.iostro.226.6@googlemail.com' already exists (ID: 20725), skipping
2026/01/13 23:13:56 Line 667: Created user 'onduvilla@yandex.ru' (ID: 20726)
2026/01/13 23:13:56 Line 667: Linked existing uploads for external ID '951'
2026/01/13 23:13:57 Line 667: Error sending email to 'onduvilla@yandex.ru': SMTP authentication failed: 454 4.7.0 Too many login attempts, please try again later. For more information,
4.7.0 go to
4.7.0  https://support.google.com/mail/answer/7126229 98e67ed59e1d1-35106956a9asm46110a91.10 - gsmtp
2026/01/13 23:13:57 Line 668: User 'hans.knaus@aon.at' already exists (ID: 20727), skipping
2026/01/13 23:13:57 Line 669: Created user 'tonyiw@netvigator.com' (ID: 20728)
2026/01/13 23:13:57 Line 669: Linked existing uploads for external ID '1206'
2026/01/13 23:13:59 Line 669: Error sending email to 'tonyiw@netvigator.com': SMTP authentication failed: 454 4.7.0 Too many login attempts, please try again later. For more information,
4.7.0 go to
4.7.0  https://support.google.com/mail/answer/7126229 98e67ed59e1d1-35106809682sm68861a91.3 - gsmtp
2026/01/13 23:13:59 Line 670: User 'liukingsley14@gmail.com' already exists (ID: 20729), skipping
2026/01/13 23:13:59 Line 671: Created user 'jgould@asij.ac.jp' (ID: 20730)
2026/01/13 23:13:59 Line 671: Linked existing uploads for external ID '911'
2026/01/13 23:14:01 Line 671: Error sending email to 'jgould@asij.ac.jp': SMTP authentication failed: 454 4.7.0 Too many login attempts, please try again later. For more information,
4.7.0 go to
4.7.0  https://support.google.com/mail/answer/7126229 d9443c01a7336-2a3e3ba03f9sm201722325ad.0 - gsmtp
2026/01/13 23:14:01 Line 672: User 'narcissovplaton@mail.ru' already exists (ID: 20731), skipping
2026/01/13 23:14:01 Line 673: Created user 'aviqor@asdooeemail.com' (ID: 20732)
2026/01/13 23:14:01 Line 673: Linked existing uploads for external ID '878'
2026/01/13 23:14:03 Line 673: Error sending email to 'aviqor@asdooeemail.com': SMTP authentication failed: 454 4.7.0 Too many login attempts, please try again later. For more information,
4.7.0 go to
4.7.0  https://support.google.com/mail/answer/7126229 d9443c01a7336-2a3e3cc7912sm205932055ad.67 - gsmtp
2026/01/13 23:14:03 Line 674: User 'scizik@freenet.de' already exists (ID: 20733), skipping
2026/01/13 23:14:03 Line 675: Created user 'emailko@newmedicforum.com' (ID: 20734)
2026/01/13 23:14:03 Line 675: Linked existing uploads for external ID '845'
